1;House-Johnson;https://www.pineda.com/;unleash one-to-one e-services;scGAwE;549
2;Santiago-Hill;http://www.lopez.com/;maximize rich users;lfjJVS;487
3;НПО «Голубев, Карпова и Симонов»;https://www.dunn-mcguire.com/;Внедрение богатых методик;vZGUVx;975
4;King Group;https://thomas-smith.com/;transform customized vortals;CxDUPe;531
5;Hamilton Inc;https://www.scott.com/;enhance cross-platform solutions;mjGKZu;415
6;Martinez-Munoz;https://johns.com/;leverage strategic applications;wkDtre;662
7;ОАО «Боброва»;https://www.robinson.info/;Трансформация сетевых партнерств;YGUEWo;375
8;Graham-Murray;http://white-wood.com/;productize viral vortals;YquhXe;384
9;АО «Красильников Федосеева»;http://gregory-hernandez.com/;Охват притягательных парадигм;CMsLRJ;11
10;АО «Уварова, Субботина и Логинов»;http://warner.biz/;Управление интуитивных диапазонов;MPaubL;536
11;Valencia, Delgado and Blevins;http://www.brown.com/;harness out-of-the-box bandwidth;vuziua;814
12;Sutton, Ferguson and Henderson;https://marsh.com/;integrate front-end supply-chains;xzPgta;883
13;Miller Inc;https://www.duke.net/;visualize synergistic networks;nIpvtn;183
14;Richard-Thomas;https://kramer.com/;optimize proactive networks;pxbano;584
15;Федотова Инкорпорэйтед;http://www.bentley.net/;Шкалирование круглогодичных технологий;AWrIIp;189
16;Harvey-Lee;https://www.english.com/;strategize interactive schemas;biCmEx;58
17;Blake, Waters and Ramsey;http://www.bolton-swanson.info/;reinvent back-end infrastructures;qQDpwL;107
18;Лаврентьев Групп;https://www.higgins-christian.info/;Освоение современных интернет-продавцоы;zhPLjJ;355
19;Schneider Group;http://www.becker.biz/;incubate virtual e-commerce;zvbEwO;746
20;Williams, Martin and Mckinney;https://harrison.com/;facilitate visionary bandwidth;kqMPPQ;83
21;Sanchez-Berry;http://wilson.org/;e-enable mission-critical partnerships;HaKcpM;227
22;Anderson-Valdez;https://martin.com/;enable cross-media architectures;NCzHdK;505
23;Montes, Wright and Sparks;https://www.poole.info/;re-intermediate revolutionary models;LHCwrJ;325
24;РАО «Панфилов»;https://baker.com/;Итерация революционных систем снабжения;mKWbkv;601
25;Thompson-Henry;https://gentry-bush.info/;disintermediate strategic mindshare;BTHamg;56
26;АО «Щукин Лазарева»;https://todd.com/;Охват богатых интернет-продавцоы;gSfOJm;9
27;АО «Горшков-Колобова»;http://www.moon.com/;Переход сенсационных решений;NqwXIZ;758
28;West, Jones and Nichols;https://cervantes-johnston.com/;deploy intuitive metrics;squpHM;18
29;Lee, Hill and Anderson;http://www.brown.com/;streamline B2C architectures;kblnro;101
30;Bell and Sons;https://mcconnell.net/;synthesize collaborative e-markets;BDaLAX;698
31;Ballard, Leblanc and Henry;http://www.lewis.com/;aggregate integrated action-items;dxmPBH;736
32;Nichols Ltd;https://nash.com/;re-contextualize next-generation experiences;nZKica;480
33;НПО «Фомин, Ершов и Васильев»;https://gordon-robinson.com/;Итерация престижных платформ;VAIzds;296
34;АО «Лобанов»;https://www.nolan.com/;Обеспечение безотказных функций;HApvDd;328
35;ООО «Моисеев Зиновьева»;http://rangel-riley.org/;Мотивация сетевых систем;fctYIH;637
36;Mathis-Campos;http://www.ramirez.org/;engineer interactive initiatives;lanNsF;448
37;Alvarez-Evans;http://www.jackson-mathis.com/;brand revolutionary ROI;ffkglA;710
38;Lin and Sons;http://carpenter-rodgers.com/;grow bleeding-edge info-mediaries;VBVpLx;12
39;Rivera Inc;http://brown.com/;unleash best-of-breed bandwidth;XXTmwr;212
40;Brewer Ltd;http://www.cruz-anthony.com/;incentivize revolutionary deliverables;mfLqUf;346
41;Copeland, Larsen and Dawson;http://gill.net/;visualize interactive experiences;jkhazm;162
42;Navarro-Merritt;http://www.jackson.info/;utilize real-time networks;XNYDra;763
43;Brown-Keller;http://www.smith.com/;facilitate end-to-end bandwidth;WPUuIs;553
44;Stephenson LLC;http://www.campbell-hebert.info/;enhance clicks-and-mortar eyeballs;SGCsRN;848
45;Booth, Gonzales and Levy;https://www.meyer.com/;leverage 24/7 infrastructures;YHSTXn;798
46;Hernandez-Flores;https://www.garrison-buchanan.com/;re-contextualize mission-critical e-tailers;GatZBP;639
47;Torres-Butler;https://www.freeman.biz/;leverage plug-and-play markets;RykFJr;339
48;Keith-Glenn;https://www.bowman.info/;grow cross-platform e-tailers;rqnFYU;526
49;Chase, Farrell and Martin;http://www.mcgee.com/;monetize ubiquitous web services;mikChJ;17
50;ЗАО «Панов-Матвеев»;http://lawrence.com/;Освоение революционных каналов;iezmwn;839
51;РАО «Кудрявцева»;http://www.vasquez.com/;Оцифровка современных партнерств;gZWykt;685
52;Valdez-Thomas;https://www.brooks.org/;productize revolutionary ROI;xGnAHW;982
53;Campbell-Davis;https://watts-wong.info/;iterate extensible models;AhFtRB;651
54;ОАО «Белякова, Кириллова и Макарова»;https://cole.biz/;Конструирование круглогодичных систем;GUdhiG;744
55;Sims Inc;http://davis-powers.com/;iterate magnetic eyeballs;wShIos;863
56;Jackson-Deleon;https://www.burton.com/;incubate dynamic platforms;FLnMNY;628
57;Mills, Nielsen and Fischer;http://harris.com/;deploy web-enabled mindshare;dPfQPm;349
58;Mcdonald-Oneal;https://www.butler-richardson.com/;mesh next-generation web services;fFNTSt;966
59;Allen Inc;http://www.boyer.info/;reinvent impactful platforms;rtSxkS;404
60;Fisher-Donovan;https://www.watson-schmidt.com/;optimize frictionless paradigms;SKPFdx;34
61;Банк Русский стандарт;https://harvey.org/;Конструирование веб-ориентированных результатов;FBaObp;655
62;Riley, Novak and Herman;https://graves-phillips.com/;disintermediate revolutionary mindshare;bbrfWe;439
63;Wilson, Hodge and Blair;https://www.miller-choi.biz/;revolutionize virtual functionalities;hrbLQP;23
64;ОАО «Доронина Комиссаров»;https://www.brown.com/;Максимизация кроссплатформенных функций;RNlhWB;942
65;Miller, Schmidt and Morton;https://dixon.net/;streamline intuitive networks;sUXpbh;606
66;Holmes, Martin and Hensley;http://bishop-hayes.org/;transition clicks-and-mortar mindshare;tRmQMj;510
67;Andrews PLC;http://miller-patterson.net/;whiteboard clicks-and-mortar e-markets;ZzaTjp;585
68;ОАО «Романов»;https://allen-taylor.biz/;Итерация виртуальных отношений;CTpqxa;15
69;Garcia Ltd;http://briggs.com/;brand plug-and-play networks;bvfVGU;442
70;Ramirez LLC;http://vargas.net/;unleash ubiquitous applications;aHvdaA;620
71;Madden LLC;https://king.com/;exploit rich communities;PXyJqf;840
72;ОАО «Фадеева-Белякова»;https://www.ramirez-martin.com/;Распределение революционных интернет-продавцоы;AXikhP;340
73;Patterson, Bush and Jackson;https://www.sanchez.info/;engage collaborative architectures;ZDfEWh;642
74;ОАО «Тетерина-Самсонова»;http://www.maddox.com/;Генерация онлайн и офлайн рынков;Dmgxyl;78
75;Lopez, Barry and Washington;https://brown-wood.com/;repurpose world-class web services;mefRnW;872
76;Thomas Inc;https://www.hoffman-fleming.net/;incentivize web-enabled architectures;PaSjbs;960
77;АО «Вишнякова Тетерина»;https://www.edwards.biz/;Мотивация беспроводных интернет-услуг;RPJiOu;546
78;Lewis, Houston and Thornton;http://white.com/;enhance seamless web services;zjkonh;923
79;Mata-Gonzales;https://www.williams.info/;seize collaborative portals;whiuOD;401
80;Ward, Moore and Chen;http://lee-fields.org/;exploit e-business e-commerce;GuGNkL;139
81;Barton-Potter;http://www.marsh.com/;e-enable dot-com metrics;fpOtNl;895
82;Eaton Group;http://fox-vargas.com/;grow granular e-business;QfyoCK;939
83;Frey-Chandler;https://gonzalez.com/;architect visionary e-tailers;fHhvON;777
84;Nixon-Franklin;http://martinez.org/;streamline bleeding-edge web-readiness;XfCnJs;477
85;Wade, Dunn and Harmon;http://mendoza-salinas.com/;implement extensible methodologies;yjMquL;393
86;Livingston-King;http://www.schwartz.com/;exploit end-to-end metrics;udvCeQ;593
87;Luna Inc;https://sanchez.biz/;implement vertical web-readiness;PtZcTT;748
88;Casey, Carroll and Rogers;https://alexander-morton.com/;aggregate frictionless interfaces;iPIUQu;341
89;Boone, Jones and Acosta;https://www.davis.net/;synthesize efficient synergies;zaieBg;578
90;Walsh-Young;http://www.jennings.com/;synthesize magnetic applications;OMdhVe;148
91;Coleman, Sullivan and Johnson;https://www.conley-harmon.com/;mesh synergistic experiences;eiCMGj;596
92;Hall-Cardenas;https://payne.com/;architect world-class synergies;iCoKJD;625
93;Harrison-King;https://www.barnes-pope.info/;maximize collaborative e-commerce;gseQqy;882
94;Perry-Rivera;https://hays.com/;whiteboard viral initiatives;fyBkEE;862
95;Moore, Young and Lopez;https://perry-warren.com/;brand world-class info-mediaries;RFBtrp;71
96;Fry, Cochran and Jacobs;http://williams-yoder.com/;whiteboard out-of-the-box communities;NRWyaK;350
97;Емельянова Инкорпорэйтед;https://rodriguez.com/;Включение современных решений;BGjmWi;134
98;Carson, Wright and Salazar;http://www.stewart.com/;reinvent one-to-one applications;rjCQtl;336
99;Sullivan, Ortega and Lewis;http://baker.com/;transition leading-edge experiences;tRcOmM;753
100;ЗАО «Мельникова, Новиков и Вишнякова»;https://www.flores.com/;Шкалирование корпоративных парадигм;QLzWnX;72
101;Wilcox-Ward;https://www.richards.biz/;mesh compelling eyeballs;pIbKFR;908
102;РАО «Гусева Тихонова»;https://www.sanchez-bryan.com/;Эксплуатация виртуальных каналов;INTgFh;671
103;Obrien-Duran;http://brandt-martinez.com/;whiteboard cutting-edge applications;UVJRuQ;493
104;Группа компаний МИЦ;https://mata.com/;Приспособление инновационных метрик;mZxouF;927
105;Трансмашхолдинг;https://spence.com/;Мотивация прибыльных веб-сервисов;aSKsen;110
106;Reyes, Smith and Gillespie;https://king.com/;enable viral communities;sklXSv;533
107;Pacheco Group;http://schultz.net/;transform scalable systems;hynHIF;120
108;Reed, Rodriguez and Burns;http://johnson.com/;integrate turn-key bandwidth;quFcOk;985
109;Stephens and Sons;http://wilson-moore.com/;innovate dynamic action-items;RqErjs;422
110;Olson PLC;http://www.anderson.net/;redefine cross-media synergies;CyoJmw;542
111;Mclean, Jordan and Perry;https://wall-summers.com/;visualize clicks-and-mortar infrastructures;uYzDjz;632
112;Cherry-Underwood;https://marsh.com/;re-intermediate interactive platforms;Ujtvst;729
113;Neal, Stevens and Dunn;https://hall.net/;strategize seamless users;SJJrvV;57
114;Sloan Inc;http://white.com/;transform 24/365 e-services;idIOOT;732
115;Nguyen, Miller and Archer;https://bird.net/;maximize customized eyeballs;ksdbsm;472
116;Archer Ltd;https://www.anderson-brown.com/;utilize sticky initiatives;vXOAhx;80
117;Washington Group;http://www.smith.com/;whiteboard distributed info-mediaries;TQtEdH;600
118;Taylor-Chambers;http://rivera.info/;expedite next-generation partnerships;RGxUqG;756
119;ООО «Федотов Корнилова»;http://hamilton.com/;Ускорение интегрированных интернет-продавцоы;nzmPPv;95
120;Hudson LLC;https://www.rogers-lee.info/;seize cross-media technologies;HkraRi;886
121;Mcintosh-Hill;https://www.valdez.com/;transition seamless applications;gvtnsP;879
122;Gray Inc;https://stevens.com/;revolutionize best-of-breed e-services;xJhUiB;913
123;Hamilton PLC;https://www.jordan.com/;generate bricks-and-clicks communities;Wkgaxe;463
124;РАО «Селиверстова»;https://www.reilly.com/;Оцифровка интерактивных технологий;ozRfeJ;444
125;Blake-Hays;https://www.robinson.com/;facilitate value-added e-markets;PrrlVo;374
126;Lane Ltd;http://mueller.com/;productize turn-key networks;TuAwjl;204
127;ИП «Терентьев»;https://www.mendoza-ryan.info/;Модернизация ориентированных на пользователя систем снабжения;ttOgPD;802
128;Fields Inc;http://brown.info/;orchestrate best-of-breed methodologies;dEGJLL;99
129;Park LLC;https://www.gallegos.com/;streamline magnetic infrastructures;PPPbHm;496
130;David PLC;https://blackburn.com/;transition best-of-breed convergence;oRxQKq;465
131;Мерида;https://www.nguyen.com/;Ускорение престижных моделей;pMHTcp;852
132;Rocha, Taylor and Ibarra;https://farmer-anderson.com/;innovate back-end e-business;pibrWR;164
133;Young and Sons;https://johnson.com/;revolutionize extensible eyeballs;hcmJYC;410
134;Castro-Carroll;https://www.matthews.com/;redefine end-to-end e-markets;dDmNvK;324
135;Thompson-Williams;https://www.alexander.org/;integrate frictionless e-commerce;EiUxsq;737
136;Thomas, Jordan and Torres;http://www.hernandez.com/;enable sticky applications;WwazYi;70
137;Collins-Burns;https://nguyen.info/;disintermediate viral applications;oDvwSY;190
138;Ramos, Mora and Weaver;http://www.schmidt.com/;revolutionize bleeding-edge models;OXeslk;284
139;Bowen PLC;https://www.costa.com/;re-intermediate synergistic web services;mPSgYX;893
140;Jordan Group;http://www.olsen.info/;morph back-end platforms;JwJjJV;889
141;Gibson, Stout and George;http://raymond.com/;embrace user-centric platforms;abEGeW;288
142;Anderson-Larson;http://www.waters.org/;extend dynamic e-business;VDXfjh;457
143;Wagner-Yang;http://christensen-potter.com/;orchestrate intuitive e-commerce;HwAAbL;684
144;ООО «Горшков Прохоров»;http://www.evans.com/;Распределение сетевых каналов;iVNThc;329
145;Nunez-Jimenez;http://prince.com/;re-intermediate distributed partnerships;EPSiag;170
146;Schultz, Caldwell and Figueroa;https://www.mendez.biz/;benchmark intuitive users;KwyKfd;961
147;Petty-Huber;https://www.campbell.com/;integrate vertical content;gDeTlt;408
148;Morrison-Reyes;https://www.king.net/;unleash real-time e-tailers;ERLHcb;169
149;Craig PLC;https://mccormick.com/;drive interactive supply-chains;EwoaQl;215
150;Lindsey-Bishop;https://allen-barnett.com/;re-contextualize impactful partnerships;RwoaLX;13
151;Gilbert-Gibbs;https://www.turner.org/;synthesize bleeding-edge web-readiness;eEBhCl;810
152;Morales-Ferguson;https://kent-adams.com/;harness next-generation interfaces;ZFgkpR;874
153;Richards PLC;https://www.garza.com/;cultivate transparent partnerships;PmRLHj;590
154;Mcguire-Novak;https://wang.org/;generate enterprise schemas;TFuSCS;693
155;Rodriguez Ltd;https://www.harris.net/;revolutionize efficient models;aBOxOG;113
156;Lopez-Wilkerson;http://hughes.info/;matrix compelling models;jfkIVK;776
157;Williams, Cruz and Lee;https://www.cooper.com/;architect end-to-end paradigms;xvDzCQ;180
158;Nguyen-Wilson;http://smith.com/;synergize 24/7 systems;TKGfCn;39
159;Wilson-Griffin;http://gordon-jones.com/;benchmark innovative info-mediaries;YcGVxu;344
160;Summers, Hicks and Lopez;http://www.smith-turner.com/;deploy bricks-and-clicks content;glrygj;928
161;Harris Ltd;http://mann.net/;enable clicks-and-mortar interfaces;NQqlnA;977
162;Bullock-Gonzalez;http://franklin.org/;unleash transparent architectures;cthyil;140
163;НПО «Петухова Кузьмина»;http://williams-rivera.com/;Разработка интегрированных парадигм;jRgPIl;490
164;РАО «Фомичева-Шестакова»;https://www.howell-lloyd.info/;Внедрение распространенных интернет-услуг;CZDtEN;224
165;ООО «Бобылева-Панфилова»;https://www.johnson.org/;Визуализация популярных сетей;BHEEJU;507
166;Browning-Collins;https://wilson.org/;deliver strategic metrics;cvmNHx;308
167;Bautista, Turner and Galvan;http://www.galvan.info/;morph cross-platform niches;ZYZglo;795
168;Brown and Sons;https://soto.com/;reinvent distributed convergence;JOAeQP;316
169;Williamson-Soto;https://williams-mann.org/;revolutionize transparent metrics;iDYAZU;132
170;ЗАО «Тимофеев-Харитонова»;https://www.ross.net/;Переход подробных отношений;AnruAu;489
171;Green, Mccullough and Salinas;https://www.logan.com/;evolve leading-edge bandwidth;BrvRnH;299
172;Washington-Turner;http://www.larson.net/;mesh cross-platform networks;ceziZS;7
173;Davis LLC;https://www.clements.com/;harness enterprise applications;RrMZmP;270
174;Chavez PLC;https://www.kennedy-guzman.com/;facilitate user-centric supply-chains;ItlsOb;217
175;Preston PLC;https://johnston.com/;integrate out-of-the-box functionalities;JjjKgu;278
176;АО «Тимофеева, Терентьева и Попова»;http://www.bradley.biz/;Использование распределённых методик;yYxteq;535
177;Preston Group;http://www.king.com/;e-enable dot-com platforms;NZAgAi;881
178;Villanueva, Jones and Farmer;http://www.owen.com/;syndicate distributed markets;AQJlXX;560
179;ОАО «Борисов, Князева и Максимов»;https://www.marshall.com/;Синхронизация индивидуальных веб-сервисов;SxNaKm;233
180;Moses, Cook and Zuniga;http://zimmerman.com/;expedite cross-media solutions;aOxBbm;726
181;Knight-Vaughn;http://www.martin.biz/;aggregate transparent solutions;eCMvMr;599
182;Wilson, Christensen and Hogan;http://mitchell.com/;strategize visionary portals;CdDWNC;759
183;Alexander, Jackson and Smith;http://www.bryant-kim.com/;exploit user-centric initiatives;qFWiaI;263
184;Coleman and Sons;https://schneider-swanson.com/;strategize dynamic schemas;kGuyke;948
185;Walton-Peterson;http://www.cole.net/;incentivize clicks-and-mortar partnerships;kUYmwn;73
186;Esparza-Gregory;https://campbell.com/;harness bleeding-edge e-business;vqCqbF;499
187;Наумов Групп;https://chavez.com/;Переход стандартных знаний;meHqZL;137
188;Flynn PLC;http://www.jenkins.biz/;grow magnetic action-items;JsFAik;818
189;Garcia-Nguyen;http://www.hart.com/;exploit viral markets;iqASXP;360
190;Webster, Bridges and Leon;https://www.murphy.com/;monetize out-of-the-box experiences;ATWjxG;185
191;Castro Inc;http://www.gonzales.com/;integrate transparent deliverables;sxabwl;417
192;Wilson-Downs;http://www.villegas.com/;disintermediate ubiquitous metrics;uMdHci;117
193;Murray, Lowe and May;https://www.gardner-dominguez.com/;expedite seamless action-items;kqRrUw;501
194;Ho Inc;http://burns-king.com/;whiteboard holistic paradigms;INFfmd;972
195;Рогов Инкорпорэйтед;http://smith.com/;Интеграция заказных методик;QUnSFC;174
196;РАО «Молчанова»;https://fischer-miller.org/;Эксплуатация богатых каналов;AUnjky;103
197;Newton-Wilson;https://salazar.org/;seize mission-critical content;jhdupp;279
198;РАО «Карпова-Попова»;http://haynes.com/;Разворачивание соблазнительных порталов;rlLDlQ;509
199;Shepard-Murphy;https://www.yates-boyd.biz/;enable cutting-edge communities;CpUSTV;122
200;Phillips Ltd;https://www.campbell.com/;engage distributed synergies;SLcGiY;847
201;Pham-Hayden;http://rios.com/;enhance granular portals;fXpuqK;511
202;Craig and Sons;https://www.brown.biz/;aggregate intuitive e-markets;Bhogar;920
203;Группа Волга-Днепр;http://www.hess-davis.biz/;Внедрение стратегических схем;rnghls;836
204;Murray PLC;http://turner.com/;facilitate global applications;eVdFOt;867
205;Haynes Ltd;https://www.tran-richardson.org/;facilitate seamless content;YyYyfT;387
206;Kelly-Mathews;https://marshall.biz/;extend next-generation ROI;HXGRXS;59
207;Hayes, Sanchez and Parker;http://www.russo-mcdaniel.com/;revolutionize strategic users;ijQIhk;359
208;ООО «Ермакова»;http://www.ray.com/;Объединение виртуальных каналов;GcaRQO;91
209;Lewis, Acevedo and Bryant;https://www.martinez.com/;facilitate compelling paradigms;ZwFtkR;476
210;Rodriguez-Hayes;https://chandler-fields.biz/;visualize front-end infrastructures;JSssgI;916
211;ИП «Русакова-Орехов»;http://www.hicks-smith.info/;Разработка инновационных ниш;xDANqo;178
212;Ramos Group;http://roberts.com/;visualize magnetic convergence;iicpIk;924
213;Jenkins, Wilson and Beck;https://brooks.info/;innovate out-of-the-box web-readiness;JaQIjx;473
214;Clark, Richardson and Alexander;http://www.reynolds-rivera.com/;monetize rich bandwidth;HkfgfB;734
215;Herrera PLC;http://www.buchanan.biz/;monetize collaborative content;iZnMRp;193
216;Watts LLC;http://www.patel-baker.org/;evolve interactive synergies;fxozzf;968
217;Sanchez-White;http://jones.biz/;seize back-end functionalities;SwrgcF;875
218;Stokes, Williams and Shaw;https://www.bender.com/;architect out-of-the-box info-mediaries;GdibIO;779
219;Espinoza and Sons;http://www.day.info/;whiteboard real-time e-business;pyJfdU;26
220;Gibson Inc;http://cardenas-gordon.com/;incubate enterprise channels;RTeKER;739
221;Brewer Group;http://www.scott.info/;monetize granular users;umDLwB;528
222;Porter Group;https://oneill-rasmussen.com/;orchestrate global mindshare;kAojlP;143
223;Орлова Инк;https://baker.info/;Переосмысление распространенных интернет-услуг;oHgImJ;984
224;Burch and Sons;http://www.wheeler.com/;expedite robust infrastructures;NWxzxU;629
225;Ford, Johnson and Johnson;http://www.willis.org/;utilize innovative eyeballs;hNdeij;697
226;Mercer Inc;https://www.west.com/;architect synergistic relationships;vPuZlX;722
227;King-Lane;https://dixon-chen.com/;mesh viral channels;BZjxjA;502
228;Larsen, Hopkins and Smith;https://www.hayden-green.com/;incentivize distributed applications;haRiiK;681
229;Church-Collier;https://www.odom-walter.com/;incentivize B2C relationships;ANLWpx;186
230;Hart-Hansen;https://robinson-key.com/;harness robust systems;TDznTy;318
231;Watkins Inc;https://rodriguez-bruce.com/;scale integrated portals;nBbnun;894
232;Jackson-Payne;http://blackburn.net/;transform clicks-and-mortar platforms;LjiQJT;609
233;Flynn and Sons;https://www.figueroa-smith.net/;mesh dot-com convergence;kSwwJX;711
234;Rollins, Moreno and Griffin;https://hansen.com/;aggregate e-business partnerships;FRhWUD;837
235;Klein Group;https://smith.net/;revolutionize back-end networks;xbJNdR;701
236;Ковалева Лимитед;https://king.info/;Революция онлайн и офлайн функций;zMiURz;33
237;Miller and Sons;http://www.contreras-brown.com/;incentivize end-to-end methodologies;zQpZFt;905
238;Bean, Reed and Dennis;http://robinson.com/;benchmark 24/7 methodologies;JNPHxo;423
239;Sanchez Group;https://curtis.com/;harness killer web-readiness;QkxUbo;294
240;Daniel-Logan;http://www.anderson-pacheco.net/;strategize viral metrics;fjNKws;520
241;Hernandez, Mullins and Phelps;https://www.walker.com/;utilize cross-platform markets;WrfDCj;704
242;Powers Ltd;https://www.barnes-kelly.net/;integrate vertical synergies;apjQaA;612
243;Smith-Woods;https://www.wright-hunter.org/;synergize dynamic applications;YYqewO;904
244;Brewer PLC;http://www.smith.org/;brand global applications;EzKRMb;635
245;Nichols Group;https://www.watson.net/;scale enterprise methodologies;CAlZLR;90
246;King and Sons;https://steele-smith.com/;reinvent user-centric niches;MBJJaB;494
247;ООО «Кузьмин»;http://cobb.org/;Адаптация виртуальных диапазонов;UqWyuv;175
248;ЗАО «Федорова, Быков и Рябов»;http://www.martinez.com/;Оцифровка интегрированных сообществ;yRltey;630
249;Schmidt-Woods;http://murphy.com/;deploy interactive models;rxZWcn;256
250;Stanley, Morris and Torres;https://www.sutton.com/;architect visionary interfaces;ghnEEy;380
251;Contreras-Reeves;https://www.allison-galloway.com/;seize real-time action-items;lmoEdj;138
252;АО «Ларионов»;https://fischer.com/;Итерация притягательных действий;WgnfCw;661
253;Sampson, Bryant and Carey;https://www.alvarado.com/;facilitate seamless synergies;cJedQr;622
254;Hernandez-Massey;https://www.vargas.com/;orchestrate bricks-and-clicks convergence;cCgueI;495
255;Gray, Diaz and Thomas;https://www.meyer.com/;reinvent web-enabled communities;wRlzbM;910
256;Орехова Лтд;https://www.moore.info/;Преображение фронт-энд диапазонов;JDviOA;283
257;Аксенов Лимитед;https://carlson.com/;Мотивация притягательных взаимодействий;WrUIvb;398
258;Fields-Hughes;http://www.evans.com/;synergize rich content;yeLtoR;843
259;Benson Inc;https://james.com/;benchmark killer convergence;uKNnDk;515
260;Serrano-Olsen;https://www.giles-stevens.com/;aggregate granular e-services;flIBYx;213
261;Davis-Fuller;http://www.figueroa.net/;transition sticky technologies;CXYfYh;583
262;Mendez Ltd;http://davis-wright.org/;re-intermediate extensible web services;aOyfep;541
263;Rodgers-Jones;https://www.brown.com/;utilize plug-and-play interfaces;lLrEYW;803
264;Lawson-Harrison;https://www.rivera.biz/;incentivize web-enabled convergence;fxRXaM;771
265;РАО «Максимов, Иванова и Власов»;http://www.petersen.com/;Реализация совместных рынков;RlwIvF;97
266;Rich, Reynolds and Willis;http://barton-hayes.biz/;optimize dynamic methodologies;yrQaJj;49
267;Chambers PLC;https://www.watson-hodge.com/;generate global platforms;QuYLeJ;841
268;Спортмастер;http://www.randolph.com/;Внедрение B2C аудиторий;JrpgIB;519
269;Barrera, Wells and Jones;http://www.myers.biz/;morph cross-platform mindshare;geoANJ;312
270;Cruz-Blair;https://dennis.biz/;drive 24/7 users;FQoJtM;815
271;Fry-Martinez;https://www.barber.info/;deploy 24/7 functionalities;KRtyPo;305
272;Huerta-Skinner;https://www.pugh-becker.com/;syndicate compelling e-services;petYEr;362
273;ЗАО «Носова»;https://www.miller.com/;Переопределение популярных платформ;qnUofy;347
274;МТС-банк;https://www.duncan.biz/;Внедрение веб-ориентированных интерфейсов;wDmYJP;970
275;Stewart, Yates and Myers;http://howard.biz/;leverage wireless partnerships;lFLvUA;222
276;Метрострой;http://blake-cooper.com/;Оцифровка стандартных парадигм;lEOkuf;82
277;РАО «Козлов»;https://www.perry-cook.net/;Генерация распространенных диапазонов;iUDeLS;896
278;НПО «Жданов-Сазонов»;https://davis.org/;Трансформация активных веб-сервисов;VqDgUX;725
279;West-Gomez;https://www.wallace-thomas.org/;incubate magnetic architectures;FPLLcj;348
280;Hamilton-Robinson;https://freeman.biz/;revolutionize back-end markets;mGMQgW;610
281;НПО «Васильев Козлов»;https://taylor.com/;Охват соблазнительных методик;ZaXsza;640
282;Gates, Chapman and Shaw;http://www.schmidt-pham.com/;engineer dot-com users;qDbDMw;108
283;ООО «Романов»;https://www.taylor.com/;Адаптация серверных инициатив;vKWGuZ;899
284;Singh Group;http://www.gray.com/;synergize bricks-and-clicks e-services;qUnYtC;92
285;Delacruz-Dickson;http://robertson-kennedy.com/;iterate strategic users;wlGoXy;615
286;Luna, Garcia and Eaton;https://baldwin-mcdonald.com/;disintermediate killer platforms;dKiRnG;668
287;Craig, Juarez and Johnson;https://hardy.biz/;synthesize bleeding-edge users;YYtauG;30
288;Smith, Carter and Moreno;http://hunter.org/;utilize best-of-breed applications;pOmxsJ;41
289;Black-Zamora;http://horn.net/;generate open-source technologies;WaurSN;820
290;Hill PLC;https://nelson.org/;syndicate global ROI;UEVsyV;878
291;Brown Group;https://nelson.com/;embrace e-business networks;YlxXYf;570
292;Lynn, Montoya and Jones;https://www.carter.com/;implement bricks-and-clicks models;uGjxnq;823
293;Simmons, Scott and Terry;https://www.jackson.com/;optimize leading-edge e-services;AuWtNj;608
294;Larson-Hines;http://taylor.com/;redefine sticky synergies;tvhedV;250
295;Vargas and Sons;http://www.hodges.com/;exploit revolutionary schemas;WqcAWe;281
296;Hanna PLC;https://www.buck.biz/;reinvent distributed portals;DgqOHf;646
297;Lowe, Mejia and Henry;http://lewis.com/;drive bleeding-edge platforms;KjXaaP;999
298;Greene-Butler;https://keller.com/;scale end-to-end interfaces;ammOeV;28
299;Lopez, Rich and Conley;http://www.torres.com/;mesh bricks-and-clicks relationships;ctKfmY;221
300;Kelly Inc;http://graham-everett.info/;envisioneer viral technologies;TnSfbW;241
301;Rowe LLC;https://bradley-mack.com/;integrate dot-com niches;xrtcSV;842
302;Schaefer and Sons;http://ward.com/;seize global communities;uBLjkg;672
303;ИП «Фомина, Белякова и Кудрявцев»;http://www.chang.org/;Синтез цельных интерфейсов;tWsAiD;434
304;Webster-Thompson;https://www.savage-schultz.com/;incentivize frictionless bandwidth;ruGOBa;46
305;Карпов Лтд;https://cameron.org/;Управление инновационных взаимодействий;dRxYmq;683
306;Arnold, Young and Logan;http://www.hardy.com/;transform global ROI;bxUdkE;123
307;Howard-Rivera;https://fleming.info/;utilize strategic web services;aDZgCE;804
308;Buchanan Group;https://lara-ellis.info/;iterate mission-critical methodologies;OyGmvp;740
309;Henry, Atkins and Davis;https://www.sandoval-payne.org/;e-enable back-end experiences;EpZDDR;60
310;Lopez Group;http://baker-colon.com/;e-enable synergistic systems;AisZuJ;237
311;Jackson Ltd;https://www.boyd.com/;unleash extensible systems;zSQepI;604
312;Long-Rodriguez;https://www.wilson.com/;architect turn-key schemas;ONjTlu;238
313;Pitts-Pierce;https://campbell.net/;leverage scalable applications;aQXJnP;145
314;Gonzalez-Gonzales;https://phillips-king.info/;maximize bricks-and-clicks metrics;YIOaJM;269
315;ЗАО «Родионова»;https://davidson.com/;Преображение современных решений;OkOXjr;956
316;Perry, Davis and Hernandez;https://www.velazquez-taylor.biz/;enhance real-time metrics;KyPXgg;320
317;Smith, Robles and Brown;http://williams.net/;embrace bricks-and-clicks content;usozWJ;667
318;Simpson-Brown;http://stuart-roberson.com/;utilize sticky communities;SAtizG;576
319;Barnett, Juarez and Parker;https://porter.biz/;reinvent value-added functionalities;QDAxgE;6
320;Кузьмина Лтд;http://www.gamble.com/;Увеличение революционных приложений;dXKCGA;735
321;ИП «Быкова»;https://williams.info/;Формирование B2C каналов;VOzwrx;206
322;Hall-Ferguson;https://www.austin.com/;scale transparent initiatives;SxRWUc;538
323;Miller-Johns;http://www.costa.com/;utilize distributed partnerships;FOpwep;891
324;Adams, Koch and Blackburn;https://dodson.com/;strategize enterprise methodologies;ObBOgZ;424
325;Pena, Mccarthy and Fitzgerald;https://www.lee.net/;envisioneer distributed niches;qAEare;703
326;Dixon PLC;http://cohen.net/;unleash integrated e-business;tjvPwe;890
327;Berger Ltd;http://lucas.info/;iterate efficient platforms;JWArgK;244
328;Griffin, Lara and Gonzalez;https://berry.com/;utilize virtual synergies;zZxGxW;456
329;Solis PLC;https://www.beltran.net/;disintermediate clicks-and-mortar architectures;WbWYKT;974
330;Hamilton-Johnson;http://www.wright.com/;e-enable turn-key models;fHGdDl;957
331;Warner, Mcgee and Fletcher;http://gonzalez.org/;matrix wireless mindshare;kAOeXI;949
332;Butler, Diaz and Perez;http://jensen-chase.net/;reinvent B2B e-tailers;cEnfWa;469
333;Davis LLC;https://meadows.com/;engineer dynamic e-business;OTpPzk;825
334;Bullock, Carter and Jackson;http://www.brown.com/;engage strategic interfaces;uDgMGc;309
335;РАО «Борисов Комиссаров»;https://mcintyre.com/;Распределение серверных схем;FOHFHw;76
336;Higgins-Craig;http://www.berger.biz/;integrate magnetic markets;jyOPsw;485
337;George, Reed and Bishop;http://gray.org/;incubate global functionalities;LNyOUr;833
338;Rodriguez-Norman;https://www.alvarez-zimmerman.info/;productize out-of-the-box partnerships;dGCPJO;723
339;Gomez, Smith and Calhoun;http://www.bauer-ochoa.com/;harness interactive systems;dAeLoq;558
340;Malone Group;http://oconnor.net/;monetize viral technologies;teAGzt;512
341;Mendoza PLC;https://clarke.com/;drive out-of-the-box channels;rXyYdL;25
342;Estrada, Massey and Roberts;https://rodriguez.biz/;architect world-class functionalities;NbNDxN;605
343;Gomez-Jenkins;http://warner-lindsey.info/;leverage granular systems;CHblWZ;503
344;Collins PLC;https://www.knight-davis.biz/;matrix leading-edge e-markets;Hgarej;780
345;Cunningham-Anderson;https://www.shepherd.com/;architect intuitive bandwidth;jzixcT;598
346;Johnson Ltd;http://sanchez.com/;generate transparent interfaces;WpfqUc;131
347;Vang-Henson;http://www.lewis.com/;grow bricks-and-clicks applications;MxQzYP;20
348;Morris-Graves;https://www.miller-stafford.com/;optimize web-enabled ROI;VMiWXT;880
349;Clark, Maldonado and Stone;https://brown-munoz.net/;utilize synergistic e-business;Ldyfux;474
350;Obrien-Diaz;https://browning-moyer.com/;whiteboard impactful applications;knoRbN;252
351;Lawson, Evans and Russell;http://www.cunningham.net/;leverage magnetic relationships;psEmnm;876
352;Hill and Sons;http://morrison-wright.com/;re-contextualize sticky e-commerce;KuLOze;951
353;Ellis, Edwards and Hoffman;http://www.randall.info/;aggregate value-added synergies;lGkale;523
354;ИП «Лебедев Сидорова»;http://www.allen-cruz.org/;Революция совместных инициатив;OZcgpp;214
355;Stephens-Taylor;https://www.hebert.com/;e-enable plug-and-play web-readiness;vLCPlJ;707
356;Moran and Sons;http://powell-foster.info/;cultivate collaborative functionalities;nkHhgu;116
357;Morton, Shaw and Brown;https://bolton-campbell.com/;strategize collaborative systems;SGiXhS;851
358;Peterson, Ford and Hansen;https://www.luna-reed.biz/;orchestrate magnetic partnerships;bHrEjD;909
359;Трансойл;http://peterson.com/;Эксплуатация беспроводных инфопосредников;SyZHnV;29
360;Thomas-Gonzales;https://wyatt.net/;brand 24/365 paradigms;EbnxVr;141
361;Poole, Warren and Clayton;https://www.myers.com/;expedite cross-media action-items;iRengs;462
362;Phillips-Terry;https://www.ross.com/;redefine user-centric experiences;UrjajU;106
363;Martinez Group;http://www.swanson.com/;engage compelling e-commerce;GNWfvV;959
364;Rangel-Martin;https://www.rios.com/;deliver virtual partnerships;dKcfgY;595
365;Gillespie-Erickson;http://perez.com/;matrix turn-key systems;CMUNrW;673
366;ИП «Антонова, Лукина и Самойлова»;https://www.smith.com/;Разработка интерактивных функций;rdImpO;372
367;Benjamin Inc;https://www.maynard.com/;deploy granular mindshare;hLgKIy;669
368;Harris, White and Adams;https://www.obrien.com/;scale extensible ROI;bCkyCs;467
369;Morris, Hodge and Reeves;http://www.berry.com/;repurpose visionary e-services;oqhoNn;654
370;Shields and Sons;http://www.bernard-kelley.com/;deploy extensible content;pDszxu;761
371;Rubio-Sanchez;https://moody-moore.org/;seize out-of-the-box initiatives;nLkTqi;322
372;ОАО «Рыбаков Петрова»;http://martinez.com/;Итерация заказных отношений;LDnMGo;201
373;Lutz, Adams and Thomas;http://stout.info/;reinvent value-added networks;KZTxLs;158
374;Smith, Carpenter and Ruiz;http://hicks.com/;orchestrate 24/7 web services;ZdlsqI;436
375;Vazquez-Boyle;https://estrada.net/;generate enterprise architectures;eUSiFh;313
376;Gonzalez, Hanson and Marsh;http://www.wilson.com/;deploy revolutionary deliverables;IaJgIa;119
377;Kemp-Harris;https://jordan-riley.net/;engage innovative applications;VeqbrK;577
378;Hoffman, Walker and Owen;https://chen.com/;harness user-centric vortals;gjUfny;902
379;Johnson-Brooks;https://fernandez.biz/;matrix web-enabled applications;cQwIXW;338
380;Dyer Inc;http://moreno.info/;repurpose B2B interfaces;UBHulZ;854
381;Black PLC;http://harris.info/;mesh synergistic methodologies;dPacNy;371
382;Ross, Jones and Martin;http://jones-benson.net/;expedite ubiquitous eyeballs;CpbAHe;454
383;Boyd LLC;https://www.johnson.com/;transform sticky markets;bbqWKt;648
384;Browning Inc;http://carpenter.com/;disintermediate 24/365 supply-chains;DiMHCp;437
385;Reed Group;http://harris.com/;utilize vertical experiences;sedYLS;831
386;Walton, Sanford and Mcmahon;https://miller-kramer.org/;exploit one-to-one networks;IkoJWE;126
387;Case, Mckinney and Hamilton;https://www.moore.info/;morph efficient ROI;hHVGzD;394
388;Miller, Morgan and Sims;http://montgomery-gross.net/;re-intermediate strategic bandwidth;VluZwm;335
389;Richardson, Salinas and Blackwell;http://mccall.com/;orchestrate wireless deliverables;pcvPcw;631
390;Nguyen, Stafford and Williams;https://www.rodriguez-henderson.com/;reinvent turn-key paradigms;iVwVuo;354
391;Shaffer PLC;https://www.duncan-larsen.com/;re-intermediate end-to-end interfaces;yOmtzH;478
392;Harrell, Villarreal and Smith;http://www.dougherty-daniels.net/;generate scalable markets;IuIoCj;450
393;Byrd-Cruz;https://jacobs-sanchez.com/;e-enable back-end eyeballs;ECCZer;207
394;Rose, Williams and Brown;https://tucker.com/;whiteboard world-class systems;OdxGaD;757
395;Sullivan, Curtis and Robinson;http://www.hernandez-taylor.org/;grow vertical markets;jteXKx;738
396;Sanchez, Hawkins and Sanchez;https://barr.com/;transition best-of-breed metrics;WLLink;298
397;Jones-Vaughan;https://www.medina.com/;syndicate visionary supply-chains;jraLws;414
398;Brown-Brown;http://johnson.com/;benchmark ubiquitous synergies;qHUXQz;382
399;Mckee, Simon and Petersen;https://www.johnson.biz/;expedite e-business markets;idmrZx;240
400;Эппл Рус (Apple);https://williams-ryan.com/;Синтез критически важных интернет-услуг;NzPnls;952
401;Walters, Lowe and Mendoza;http://www.tucker-gibson.com/;matrix end-to-end bandwidth;bYTgVT;784
402;ОАО «Киселева-Зиновьева»;http://www.stokes-medina.com/;Производство критически важных каналов;ixFjrM;663
403;Weaver, Duncan and Copeland;https://www.morgan.com/;deploy 24/7 e-commerce;jwjNRX;459
404;Ford LLC;http://dunlap.com/;syndicate 24/7 platforms;stkfUz;247
405;ООО «Дроздова, Третьякова и Фомина»;https://www.harris.net/;Увеличение виртуальных инфраструктур;LDQcqJ;856
406;ИП «Белоусов»;https://clements-hayes.info/;Шкалирование надежных моделей;mcRRde;249
407;Карпов Лимитед;https://www.douglas.com/;Охват безотказных моделей;YIaBdG;161
408;Brown-Kim;http://www.mclaughlin.com/;mesh visionary infrastructures;KvbYUh;94
409;РАО «Прохорова»;http://curtis.biz/;Распределение сенсационных технологий;ngxMfD;194
410;Dillon LLC;https://olson-morris.com/;visualize bleeding-edge applications;NNDeLH;751
411;АО «Дьячков, Антонова и Шаров»;https://www.reese-robinson.com/;Координация распространенных знаний;gbccYu;159
412;Smith, Johnson and Kemp;http://www.hill-murray.com/;visualize transparent models;kcvcOr;376
413;Madden-Kelly;https://www.garcia-clay.com/;orchestrate visionary interfaces;QUMZaT;827
414;Taylor, Mayer and Wilson;http://carter.com/;deploy collaborative niches;hVXLkr;773
415;Hull-Mejia;http://www.fuller.net/;engineer end-to-end markets;XLZjzw;716
416;Fletcher-Ramirez;http://peterson-gonzalez.com/;deploy web-enabled e-markets;scthGH;196
417;Griffin Inc;https://www.rodriguez.net/;syndicate transparent niches;OrifMK;582
418;Boyer-Smith;http://garcia.com/;streamline granular e-commerce;qOHQkM;458
419;Briggs, Patel and Klein;http://sandoval.info/;seize next-generation solutions;cFgiNs;146
420;Hall-Thomas;http://www.norton.com/;mesh next-generation mindshare;OYbknP;828
421;ИП «Виноградов Ефимов»;http://www.manning-hendrix.net/;Оптимизация ультрасовременных решений;RReRtL;550
422;Hull-Myers;https://www.ayers.org/;leverage viral content;dmNLTe;849
423;Castillo Inc;https://cortez-hudson.net/;cultivate seamless web-readiness;jhHBbf;846
424;Montoya LLC;http://miller-ramsey.com/;re-contextualize viral e-tailers;avNYqx;614
425;Perry-Peters;https://williams-blankenship.com/;integrate plug-and-play channels;FxWLps;728
426;Jennings, Fox and Garcia;https://www.sanchez-gomez.com/;harness compelling metrics;pwkxcT;460
427;Sparks, Evans and Davenport;http://carr.com/;reinvent wireless relationships;zDpLhe;676
428;Hammond, Alvarez and Collins;http://www.kelley-campbell.com/;reinvent killer vortals;tzVMuj;897
429;Duncan, Thompson and Simpson;https://holmes-gomez.com/;re-intermediate virtual bandwidth;FMxnIx;378
430;Schwartz-Garcia;http://prince.com/;integrate end-to-end systems;HhuXkc;211
431;Hall-Ewing;http://www.heath.com/;strategize viral infrastructures;jdOtIr;700
432;Davidson, Johnson and Long;http://www.crawford.com/;productize virtual content;HbOkpv;624
433;Walter-Ayers;https://www.pacheco.info/;redefine bricks-and-clicks supply-chains;OufZSx;52
434;Bailey-Le;http://peterson-kim.com/;whiteboard seamless vortals;DZOPqs;618
435;РАО «Исакова Жуков»;http://benton.com/;Эксплуатация сенсационных моделей;SCZmGR;198
436;James, Blackburn and Montgomery;http://www.elliott-newman.com/;aggregate world-class e-business;PjmhUp;168
437;Campbell, Mckee and Christensen;http://calhoun.com/;generate seamless architectures;ENhtOd;392
438;Collins, Garcia and Fuller;https://www.thompson.info/;embrace intuitive channels;fylEIt;89
439;Chandler, Lopez and White;https://www.miller-smith.biz/;aggregate sticky communities;VRxGxc;548
440;Smith Group;http://marshall.com/;orchestrate wireless bandwidth;WJDMjr;844
441;Williams-James;http://www.hall.com/;grow collaborative partnerships;caldHw;513
442;Davis-Taylor;http://dawson.com/;revolutionize scalable channels;ziRRTt;619
443;ИП «Романова Шестакова»;https://www.ross-davis.org/;Оцифровка сетевых метрик;mhoMkm;611
444;Johnson-Jimenez;http://wong.org/;drive revolutionary markets;BHHfHA;866
445;Cox and Sons;http://henry-curry.com/;envisioneer front-end functionalities;UCDfHG;407
446;Huerta, Lee and Jordan;http://smith-lewis.com/;synergize B2B partnerships;rauJev;950
447;ООО «Комаров»;https://www.jackson.info/;Охват целостных диапазонов;PGfwaV;938
448;Lucas-Rhodes;https://carter.com/;revolutionize dynamic ROI;cWFLvT;176
449;Green, Buchanan and Bailey;http://www.evans.org/;visualize proactive solutions;GyqTJN;775
450;Gonzalez PLC;http://www.brown.com/;deploy bricks-and-clicks e-business;avbXhV;967
451;Thomas Ltd;https://www.lara.com/;engineer open-source markets;aeEnBF;273
452;Jenkins, Fischer and Holmes;https://www.campbell.com/;synergize revolutionary schemas;hgPWvT;983
453;Кудряшов Инк;http://www.cook.com/;Увеличение престижных систем снабжения;tvagqD;885
454;Jimenez, Burnett and Evans;https://www.vargas.com/;streamline compelling experiences;TndvWc;653
455;Cruz-Davis;https://walker-paul.org/;optimize ubiquitous action-items;aPfBcx;464
456;Mckenzie-Long;http://www.jones.com/;embrace web-enabled action-items;cfWoul;838
457;СУЭК;https://www.west.com/;Синхронизация масштабируемых архитектур;txwUcJ;373
458;Salas, Larson and Lamb;http://www.moore.com/;facilitate collaborative e-commerce;FtLbGp;445
459;НПО «Владимирова»;https://www.jones.com/;Охват фронт-энд пользователей;KiYYKd;778
460;РАО «Логинов»;http://www.bailey.com/;Разработка современных веб-сервисов;NusGSg;361
461;Prince, Lawson and Thomas;http://moss-wilkins.org/;integrate plug-and-play initiatives;ukMNvp;261
462;Moore-Campbell;http://www.peterson-boyle.net/;streamline cross-media vortals;ziKGHg;529
463;Gallagher, Mata and Ford;https://www.warren-medina.com/;synergize bleeding-edge ROI;OGDJLs;518
464;Dennis, Soto and Curry;http://morales.biz/;innovate next-generation schemas;uBVaQv;540
465;Solis-Moran;https://www.morrison-brown.com/;grow out-of-the-box architectures;aNOSrW;691
466;Williams-Thornton;https://norris.com/;utilize killer interfaces;pQfHBt;713
467;ИП «Соколова»;http://www.daniel-alexander.com/;Интеграция ориентированных на пользователя интернет-услуг;PbFJxD;547
468;Martinez, Baker and Benson;http://www.giles.com/;architect extensible portals;KGsQiy;223
469;Thomas Group;http://harrington.org/;leverage magnetic solutions;GcPpdx;591
470;Miller-Wilson;https://www.fields-marks.org/;re-intermediate ubiquitous applications;LpIHqt;431
471;Hawkins, Parker and Martinez;https://brown.com/;syndicate transparent convergence;xOTpgn;730
472;Роберт Бош (Robert Bosch);https://www.sandoval.net/;Освоение концептуальных архитектур;XVRbyd;741
473;Francis PLC;https://osborn-whitaker.biz/;strategize magnetic models;szkWyf;104
474;Mclaughlin, Richardson and Bailey;http://www.ruiz.net/;unleash dot-com models;TwPIwK;579
475;Brown Ltd;https://www.mccoy-alvarez.com/;exploit frictionless communities;UqAvym;47
476;ОАО «Овчинников»;https://miller.com/;Переопределение активных диапазонов;BeRHrU;997
477;Краснодарзернопродукт-Экспо;https://www.davis.com/;Визуализация концептуальных отношений;iLqbEP;808
478;Morris, Hernandez and Moore;http://www.lee-willis.com/;benchmark extensible vortals;QkTzmf;649
479;Webster PLC;https://www.rosario-campbell.com/;revolutionize scalable bandwidth;UFFRya;412
480;Jones, Lloyd and Williams;https://www.green.net/;orchestrate collaborative mindshare;NZfcCO;690
481;Santos LLC;https://adkins.biz/;transition cross-platform methodologies;SyYSEm;102
482;Smith, Vargas and Garrison;http://www.hunt.org/;re-intermediate best-of-breed e-tailers;vdcSrr;636
483;Burke, Maldonado and Dillon;http://wilson.com/;integrate cross-platform initiatives;msBxST;989
484;Корпорация Электросевкавмонтаж;https://www.bryan-king.com/;Обеспечение наглядных партнерств;AHUjoh;301
485;Murphy-Lewis;http://brown-santiago.info/;facilitate virtual deliverables;QiBHrT;38
486;Barry-Chambers;http://brooks.info/;mesh world-class systems;NjuKcY;21
487;Phelps-Mcdowell;https://higgins-black.com/;strategize proactive networks;ZuLNXS;702
488;Smith, Hampton and Morales;http://www.lam-jackson.com/;incubate sticky ROI;uQUsuO;37
489;Johnson Group;https://www.turner.com/;evolve back-end models;cCNWpq;731
490;Waters Inc;http://www.marks.com/;benchmark extensible schemas;eKwNOA;397
491;Figueroa, Brown and Green;http://www.allen.org/;benchmark dot-com ROI;VlbvMK;826
492;Лыткина Лтд;https://copeland.biz/;Распределение эффективных порталов;CqlsyF;157
493;Cox LLC;http://www.jones.biz/;cultivate frictionless applications;HepXRM;962
494;Robertson LLC;https://www.lawrence.org/;strategize collaborative experiences;YqCair;50
495;Leonard LLC;https://www.scott-white.org/;morph impactful communities;bEpWSu;918
496;Grimes LLC;http://waters.info/;generate e-business mindshare;hiNvGe;947
497;Parker, Green and Perry;http://www.wright-stanley.com/;benchmark intuitive experiences;IMHZDC;850
498;Cruz-Carrillo;http://www.ruiz.com/;facilitate back-end supply-chains;krKjEq;688
499;Baker-Fox;http://white.net/;brand dot-com models;aXRyad;184
500;Russell-Henry;http://barrett-bray.com/;harness virtual channels;EDFOrw;822
501;Davis, Scott and David;http://www.kelly.com/;target open-source synergies;DQPYPD;783
502;Yates, Bailey and Butler;http://fletcher.net/;re-contextualize end-to-end technologies;BUilKq;297
503;Price, Mills and Montgomery;http://www.thompson.com/;matrix proactive methodologies;ISBUhR;892
504;Cohen LLC;https://www.webb-carter.org/;integrate innovative technologies;UUgQEG;421
505;Leach, Woods and Mcguire;https://adams-lynn.org/;unleash customized platforms;LRvTnE;419
506;Bailey Ltd;http://jordan.com/;visualize one-to-one niches;IENPej;98
507;Ellis LLC;https://www.mccarthy-phelps.com/;deliver magnetic networks;qreWpO;696
508;Сатурн-Р;http://price.com/;Трансформация вертикальных отношений;iIdrqW;750
509;Powell-Nguyen;http://harris-khan.info/;orchestrate sticky markets;PgvVOq;31
510;Higgins LLC;http://walsh-smith.com/;integrate open-source networks;VXFJRS;317
511;НПО «Андреев, Беляков и Романова»;http://bryan-moore.com/;Преображение веб-ориентированных решений;zJQZHf;259
512;Акционерный банк Россия;https://tyler-lopez.info/;Реализация надежных платформ;ZfKsIs;1000
513;Decker-Gardner;https://www.gibson.com/;embrace transparent schemas;rVormi;383
514;Johnson-Hill;https://www.jennings.com/;expedite wireless users;bEeSlw;964
515;Mccoy PLC;http://castillo-glenn.net/;orchestrate B2B portals;QILiiO;994
516;Murray-Perry;http://www.reid-schwartz.com/;optimize bleeding-edge experiences;VOlxYz;200
517;Steele, King and Smith;http://www.perez.net/;incubate plug-and-play models;AsauMQ;75
518;Hill and Sons;http://www.herring.info/;scale proactive e-services;DwPxzf;326
519;Cook-Smith;http://yu.com/;synthesize viral niches;bzrRvr;656
520;Vance and Sons;https://www.townsend.net/;synthesize plug-and-play info-mediaries;sVykOB;768
521;Lozano and Sons;http://www.foster.info/;whiteboard holistic networks;izgZlb;409
522;Deleon-West;http://www.miller.info/;generate interactive communities;EmLgNW;395
523;Arias-Cooper;http://rowland.com/;deliver transparent eyeballs;ZgdgQR;789
524;Townsend-Richard;https://www.clark.com/;cultivate synergistic infrastructures;oMOZzD;877
525;Lee, Wagner and Rodriguez;https://daniels.info/;scale end-to-end e-tailers;ZYafzk;254
526;ОАО «Молчанова»;http://www.clark.com/;Оптимизация действенных интернет-компаний;kdZZUh;981
527;Harrison, Gibson and Cohen;https://thompson-walters.biz/;repurpose visionary web services;VlLnJg;617
528;Carter, Lamb and Aguirre;https://www.evans-joseph.com/;re-contextualize wireless initiatives;KBTxsd;752
529;Brown PLC;http://conrad.com/;monetize 24/7 users;WVqmDG;267
530;Howe and Sons;http://www.little.com/;aggregate virtual initiatives;kUZeYA;782
531;Nelson, Daugherty and Burke;http://www.keller-jones.com/;maximize ubiquitous solutions;FOYSyN;971
532;ОАО «Бобылев Тихонова»;https://mckay.com/;Переход распространенных парадигм;yJsuTo;486
533;Lang Ltd;http://www.holloway.com/;strategize compelling convergence;SoCrnK;275
534;Carter LLC;http://www.williams.com/;exploit rich e-services;hQZcwt;303
535;НПО «Князев-Сидоров»;https://lopez.com/;Производство эффективных методик;yxPvOv;922
536;ООО «Мельников-Гущин»;https://www.jones.org/;Культивация ультрасовременных интернет-услуг;asIivO;616
537;Hughes, Fuentes and Park;https://www.ruiz-wood.info/;generate open-source initiatives;tOKdFr;781
538;Leonard, Brown and Foley;http://www.smith.org/;cultivate one-to-one schemas;tubcSh;331
539;Morales, Lowe and Mcmahon;https://smith-wise.info/;maximize magnetic systems;BNjwWy;154
540;Johnson, Moore and Parsons;https://www.ward-miles.com/;enhance end-to-end channels;WsIDkp;742
541;ЗАО «Морозова, Елисеев и Киселева»;https://chase-tapia.com/;Эксплуатация мультимедийных областей интереса;BJrctw;861
542;РАО «Александров-Сидоров»;https://bernard.biz/;Разворачивание круглосуточных инфраструктур;bJJuEb;150
543;Martinez, Bailey and Johnson;http://brown-gardner.com/;disintermediate cross-media niches;iPZtCH;181
544;Sims-Marshall;https://simmons-wells.com/;incentivize clicks-and-mortar e-services;YfqzZh;368
545;Phillips-Chase;https://moore-clark.com/;whiteboard virtual partnerships;hKgaYY;228
546;Howard-Black;http://www.wright.com/;aggregate granular portals;nUWIrK;679
547;РАО «Родионова-Стрелкова»;http://www.hale-thompson.info/;Монетизация масштабируемых интернет-услуг;gGlpTL;285
548;Scott-Miller;https://www.lee.biz/;scale compelling supply-chains;tuzePt;42
549;Rogers-Miller;https://taylor.com/;monetize e-business synergies;aIeCez;770
550;Johnson-May;http://perez.com/;revolutionize intuitive models;xuRSaO;366
551;АО «Тимофеева Прохорова»;https://www.colon.com/;Эксплуатация концептуальных интернет-магазинов;QaGFzK;898
552;Ritter, Washington and Rasmussen;http://schmidt.com/;exploit transparent metrics;yOoISB;627
553;Griffin, Burns and James;http://gonzalez-carr.biz/;monetize clicks-and-mortar networks;nIIWJM;112
554;Gonzalez-Ramirez;https://www.andrade.org/;strategize web-enabled portals;GyWyyT;130
555;НПО «Молчанов, Бобров и Князева»;http://hebert.biz/;Трансформация мультимедийных функций;DTaIfm;980
556;ЗАО «Щукина Сафонов»;https://ramsey.com/;Эксплуатация революционных моделей;HRWYiZ;357
557;Moore PLC;http://hinton-hodge.com/;redefine end-to-end channels;eEZEPE;81
558;Cooper LLC;http://smith.info/;generate B2B functionalities;uUPdhZ;979
559;Holden, Simon and Thomas;https://middleton-scott.info/;orchestrate intuitive interfaces;LIUqRh;44
560;Jones LLC;https://tucker.com/;transition user-centric e-commerce;boHBag;449
561;ООО «Кононова-Горшкова»;https://stein.net/;Оцифровка масштабируемых моделей;qRHbhh;911
562;Arroyo-Hines;http://www.anderson.com/;benchmark bleeding-edge info-mediaries;yoLmgY;152
563;Harvey, Chung and Ramos;http://brown-williams.com/;architect mission-critical initiatives;VtsqGf;562
564;Hernandez-Smith;https://cox-mathews.info/;maximize collaborative communities;wwPkZi;574
565;Morton-Farley;http://brown.com/;enhance efficient web services;gOMPuu;172
566;Alvarez, Thompson and Pope;http://www.collier-martin.com/;syndicate synergistic technologies;OrxDFj;592
567;Bailey, Newman and Pineda;http://www.oliver-pineda.com/;harness mission-critical initiatives;muyAfi;718
568;Jennings, Smith and Cox;http://www.hall-barrett.net/;drive rich partnerships;XdtCeO;824
569;Duke, Sanchez and Burch;http://www.smith.net/;mesh next-generation networks;HebQGZ;991
570;Castaneda PLC;https://www.ellis.net/;e-enable revolutionary supply-chains;EQEdab;995
571;ОАО «Лазарева»;http://goodman.com/;Революция фронт-энд инфраструктур;uVWtrF;491
572;Wall-Gutierrez;http://www.schaefer.biz/;empower synergistic solutions;xXLYvC;717
573;Ward-Lee;https://www.francis-pratt.biz/;harness 24/365 architectures;OwydYT;333
574;РАО «Капустина, Гущина и Филатова»;http://www.mccarty-miller.com/;Охват веб-ориентированных областей интереса;HGlwmk;105
575;Black, Rodriguez and Wise;https://hansen.com/;productize B2B models;gbndeq;396
576;РАО «Архипов, Андреев и Рожков»;http://sims.com/;Перезагрузка корпоративных интерфейсов;MAuveu;791
577;Jacobs, Watson and Brown;http://brady.com/;redefine virtual e-commerce;GsYlmk;940
578;Vargas, Meyer and Aguilar;https://robinson.biz/;revolutionize collaborative paradigms;fAJIDq;695
579;Martinez PLC;http://barnett.com/;implement revolutionary deliverables;EzosMY;745
580;Armstrong, Brown and Campbell;https://www.mendoza.net/;implement cutting-edge deliverables;ZeDEca;813
581;ИП «Субботина»;http://taylor.net/;Производство круглогодичных рынков;kIEkeS;790
582;Rich-Vincent;http://sandoval-watson.net/;monetize one-to-one e-business;cHunTV;286
583;Carter and Sons;http://www.orr.com/;scale extensible users;XneNvw;399
584;Mccullough Inc;http://smith-castaneda.com/;syndicate magnetic networks;xoratH;165
585;Johnson-Baker;http://spears-lynch.info/;architect global architectures;hBFGhy;255
586;Prince PLC;http://mcdaniel.com/;exploit impactful schemas;XMCGkZ;277
587;Adams and Sons;http://www.ross.info/;exploit efficient eyeballs;lkbrAD;762
588;Hendrix Group;http://www.rose.info/;transition extensible e-markets;UODNNq;8
589;French-Ellis;http://moore.info/;facilitate turn-key networks;gNlIQO;163
590;Richard-Davidson;https://www.smith.com/;drive holistic eyeballs;zYcWBJ;2
591;Grant-Banks;http://anderson-landry.org/;aggregate revolutionary paradigms;uhPflk;973
592;Washington Ltd;http://ayala.com/;envisioneer proactive web services;wmzQUW;43
593;ИП «Игнатьев-Громов»;http://www.solomon-anderson.org/;Культивация круглосуточных порталов;emBwdz;369
594;Crawford, Rogers and Garcia;https://hanson-griffin.com/;whiteboard end-to-end initiatives;qRsRYA;699
595;Marquez, Bailey and Webb;https://jackson.com/;whiteboard next-generation paradigms;pHFCxh;575
596;Steele, Garcia and Green;http://www.miller.org/;re-intermediate virtual info-mediaries;uUiBxN;266
597;Atkinson LLC;https://www.edwards.com/;envisioneer interactive communities;RgBxTt;809
598;Романов Инк;https://hubbard.biz/;Приспособление соблазнительных инфраструктур;wcjZTQ;353
599;ИП «Сафонов»;http://rodriguez.com/;Обеспечение прозрачных метрик;hhCifs;917
600;Harrell Group;http://williams.info/;facilitate holistic web services;xPLpke;686
601;Olson Ltd;https://www.jimenez.com/;expedite frictionless e-tailers;UWKCfi;432
602;English Inc;http://patel.com/;target one-to-one info-mediaries;pAAhiA;435
603;Иркутская нефтяная компания;http://guerrero.net/;Перезагрузка революционных диапазонов;MoRQLD;565
604;Young-Gomez;http://bennett.com/;re-intermediate cross-media e-tailers;aLKySr;497
605;Griffin LLC;http://campos-chan.info/;deploy world-class schemas;XMmhjR;932
606;Owens and Sons;https://www.moore.org/;incubate enterprise vortals;vppDLB;257
607;Adams, Case and Hamilton;https://www.thompson.biz/;envisioneer clicks-and-mortar e-business;xpgsmk;280
608;Mcfarland-Raymond;https://moore.com/;seize cutting-edge web-readiness;qyubkF;915
609;Brooks, Juarez and Jones;https://foley.com/;scale visionary methodologies;bNpCmq;965
610;Goodman-Smith;https://www.mccoy-johnson.com/;incubate back-end networks;SyzthH;626
611;Suarez-Smith;https://www.thompson.info/;drive distributed web-readiness;pBNEMU;475
612;Glass, Vazquez and Anderson;http://nguyen.com/;scale cross-media e-tailers;YUBhJD;287
613;Hill, Stephenson and Shepherd;https://smith.biz/;seize back-end functionalities;NmCnFR;652
614;Taylor Group;https://www.morgan.com/;reinvent best-of-breed channels;mfqgHY;963
615;Hall PLC;https://cooper-smith.net/;mesh ubiquitous methodologies;nDhTod;719
616;Fernandez, Jones and Russell;https://www.carroll.org/;revolutionize customized niches;HmdFLT;100
617;Martinez Inc;https://www.simpson.com/;matrix vertical web services;zBLVMB;479
618;Alexander-Johnson;http://www.richards.net/;productize viral e-business;mljAqx;85
619;Rowe, Esparza and Fitzpatrick;http://www.wilkerson-sims.biz/;reinvent synergistic infrastructures;FJnSRf;694
620;Stewart Ltd;https://perry.net/;exploit mission-critical content;Tozigc;171
621;Smith, Oliver and Marquez;http://www.smith.com/;productize e-business e-tailers;CDUOwa;545
622;Abbott, Henderson and Miller;https://parker.info/;unleash intuitive partnerships;dwnRyo;929
623;Wong LLC;https://velez-rosales.com/;optimize extensible architectures;LBiANU;769
624;Модум-транс;http://miller.biz/;Приспособление интуитивных инициатив;DMeIBt;634
625;ООО «Сидоров»;http://aguilar.com/;Развитие сетевых партнерств;luZTBr;664
626;Torres Ltd;https://www.taylor.info/;incentivize next-generation platforms;YbcPdl;976
627;Jackson-May;https://jones-pena.com/;incubate visionary content;vcmRik;564
628;ОАО «Виноградова»;http://rodriguez.com/;Визуализация цельных метрик;UeTZAS;682
629;НПО «Журавлева»;https://wagner-norton.com/;Формирование прозрачных систем;ODVIGQ;63
630;Shea, Harris and Frederick;http://snyder-weaver.info/;optimize strategic bandwidth;CarTPk;220
631;Smith-Flores;https://www.morris.com/;orchestrate distributed relationships;plgpaN;225
632;Lee, Dennis and Hodges;https://www.hall.biz/;iterate B2C platforms;PRaDZN;551
633;АО «Лихачев»;https://www.palmer-estes.biz/;Культивация веб-ориентированных ниш;yysUVr;754
634;Rodriguez-Dorsey;http://www.mullins-elliott.com/;productize distributed e-tailers;eLuNyD;900
635;ООО «Воробьева, Щукина и Белоусов»;https://www.morris.com/;Формирование современных инфопосредников;qkXqRB;568
636;Smith, Cruz and Smith;https://www.wheeler-bray.info/;architect efficient schemas;PkfRWM;236
637;Sellers Ltd;https://www.anderson.biz/;revolutionize granular vortals;YNAFng;644
638;Berry-Gonzales;https://mcconnell.com/;innovate efficient functionalities;rTWsiB;96
639;Snyder, Bell and Miller;http://walker.com/;cultivate viral technologies;XZdxwo;996
640;Stewart-Austin;https://payne.org/;target one-to-one e-services;uLRqeU;68
641;Liu-Moore;https://www.farley.biz/;deploy B2B e-tailers;zQrUIH;760
642;Franco, Medina and Flores;http://simmons.net/;morph cross-platform channels;xKzuTa;262
643;Richardson, Jones and Davis;https://torres.org/;utilize proactive info-mediaries;HiKkfr;934
644;Morales-Bates;http://hernandez-riley.info/;revolutionize leading-edge technologies;PIwMlA;508
645;Martinez Group;http://www.parrish.com/;drive visionary supply-chains;WZYhYZ;251
646;Сталепромышленная компания;https://www.holloway-hall.com/;Визуализация популярных каналов;oXURBv;749
647;Hammond, Goodwin and Sweeney;https://www.mccall.com/;facilitate value-added deliverables;iVukMV;998
648;Jackson-Reed;http://www.gamble-turner.com/;implement user-centric methodologies;jzBgiY;811
649;Clark-Atkinson;http://mcdaniel.info/;unleash world-class schemas;KuXwyr;829
650;Smith Ltd;http://harris-garza.com/;engage user-centric info-mediaries;lYOkhP;144
651;Ortega, Cruz and Wood;https://www.baldwin-graham.com/;benchmark robust niches;OFxpgH;567
652;НПО «Воронцов, Козлов и Максимов»;https://www.mitchell-moses.net/;Перезагрузка революционных аудиторий;DBZSwA;680
653;Jones-Wise;https://tucker.com/;synergize impactful paradigms;KlPZBi;84
654;ЗАО «Константинов Вишнякова»;https://www.daniels.com/;Культивация передовых парадигм;oycdfW;925
655;Taylor, Snyder and Mccann;https://good.info/;leverage front-end portals;qAIdio;166
656;Moreno, Gordon and Le;https://robbins-white.com/;embrace 24/7 schemas;CalYQg;931
657;Fernandez LLC;http://www.gonzalez.net/;extend wireless channels;JcHCXq;239
658;Henry and Sons;https://curtis.com/;matrix seamless interfaces;pkXMGg;488
659;Arnold-West;http://roy.com/;seize magnetic paradigms;mxBopa;5
660;Banks, Holmes and Martin;http://www.webb.com/;envisioneer clicks-and-mortar initiatives;TUAfSU;500
661;Rodriguez-Smith;https://barnes-bird.net/;unleash collaborative synergies;YRizbH;379
662;Jackson-Henry;http://mays-williams.net/;revolutionize 24/365 bandwidth;buaNqI;987
663;Метафракс;https://www.smith-romero.info/;Мотивация интерактивных платформ;eyHAGf;342
664;Fischer, Watkins and Sanchez;http://walker.com/;disintermediate visionary e-markets;lCVyNW;226
665;Elliott-Barker;https://white.info/;e-enable customized users;gLJfNZ;557
666;Greene, Thompson and Spencer;http://anderson.com/;streamline best-of-breed content;lkrnpS;377
667;Gilbert, Fletcher and Smith;http://ochoa-garcia.net/;brand e-business e-commerce;TrtNvH;438
668;Riley Inc;https://www.baird.com/;revolutionize vertical e-business;gUALaU;715
669;Wood and Sons;http://www.cervantes.com/;repurpose out-of-the-box e-tailers;yuHHBJ;561
670;Robertson-Johnston;https://www.cruz.com/;utilize efficient methodologies;GgvzJL;537
671;НПО «Дементьева, Юдин и Крылова»;https://thompson-lara.com/;Переосмысление целостных сообществ;GjLjRk;264
672;Lawrence, Johnson and Gross;https://www.howell-mays.com/;transform cross-platform users;zFAbjz;69
673;Flynn, Garrison and Lowe;https://frey-shaffer.com/;deploy wireless synergies;gpVnxi;978
674;Васильев Групп;https://www.stafford.com/;Переосмысление передовых ниш;JrNjZE;678
675;Stephens-Burns;https://moreno-gonzalez.com/;orchestrate real-time synergies;IrVLKl;801
676;Young, Matthews and Hickman;https://herring-small.com/;visualize 24/365 functionalities;OOewbt;687
677;ЗАО «Крюкова-Буров»;http://www.ray-johnson.com/;Максимизация сенсационных отношений;Ouygro;986
678;ОАО «Яковлев Кузьмина»;http://henry.com/;Шкалирование передовых диапазонов;wfQGLn;845
679;Потапова Лимитед;http://www.cooper.com/;Интеграция B2B решений;ELOYuc;544
680;Горбачев Групп;http://ferguson.org/;Переопределение беспроводных технологий;mhXQKi;516
681;Wilson Ltd;https://www.miller-stevens.com/;target robust info-mediaries;dRofwV;563
682;Chase Ltd;https://castillo-murphy.biz/;re-intermediate global communities;nBUGzv;124
683;Baker, Martinez and Villa;http://www.boyd-parker.org/;streamline extensible metrics;XAXanI;24
684;Roach and Sons;http://jacobs-sherman.biz/;synthesize bricks-and-clicks solutions;AjkMKE;304
685;Brown, Williams and Mccormick;http://rodriguez-phillips.com/;empower rich supply-chains;svlWNC;787
686;Bishop Inc;http://www.hale.com/;harness enterprise vortals;AmVrSv;416
687;ООО «Зуева»;http://huynh.com/;Ускорение сетевых систем снабжения;ieBxgg;330
688;Roth, Jordan and Johnson;http://bryant.com/;synthesize out-of-the-box ROI;FAFdma;74
689;Kennedy, Zamora and Chavez;http://www.taylor.com/;implement global partnerships;sWseEM;712
690;ИП «Орлов-Анисимов»;http://rogers.biz/;Генерация открытых рынков;hKJWko;352
691;Лебедев и партнеры;http://www.walker-walton.com/;Формирование прибыльных схем;FYxnyb;310
692;Brown Group;http://west.com/;engage strategic paradigms;Ufhcam;306
693;Adams-Glenn;http://www.chavez.com/;matrix turn-key channels;AhmFOY;946
694;Day PLC;https://donovan.org/;iterate integrated e-commerce;DztFuf;864
695;Hahn and Sons;http://www.harris.com/;implement end-to-end models;QIaobl;32
696;Герасимов Лтд;http://tran-valdez.com/;Развитие престижных интернет-компаний;czTcmm;906
697;АО «Мамонтова, Агафонов и Лебедев»;https://www.williams.net/;Переопределение виртуальных моделей;xqGaZo;692
698;Burns-Hubbard;http://www.erickson.com/;iterate virtual supply-chains;ZwusDt;743
699;Harmon Ltd;https://www.black-hill.com/;generate frictionless relationships;MXAvOc;461
700;Lewis and Sons;http://www.wood-mcdonald.net/;leverage synergistic infrastructures;wetAHE;111
701;Gamble LLC;http://carroll.biz/;reinvent 24/7 portals;kkopDO;953
702;Gilbert-Smith;https://www.conrad-bauer.org/;cultivate strategic systems;FsCgyj;192
703;ДОМ.РФ;https://www.martinez.com/;Управление популярных архитектур;FtgCmn;912
704;Norman, Reyes and Ramirez;https://wright-smith.com/;enhance transparent action-items;JDtyFW;788
705;Garcia, Pham and Williams;https://www.hanson.com/;seize user-centric methodologies;UkNSnr;314
706;Whitehead-Young;https://bryant-bell.org/;engage ubiquitous content;otoNKw;268
707;Johnson, Parker and Schmidt;http://www.hester.biz/;mesh scalable technologies;nJwPgu;51
708;ИП «Сазонова, Белякова и Шубин»;https://www.jones.com/;Сравнение стратегических интернет-магазинов;JaHqXb;954
709;Martin-Fuentes;http://www.howard.net/;target compelling metrics;GkkMHo;747
710;Fisher, Rodriguez and Dominguez;https://www.kirk.com/;architect dynamic paradigms;EMHJWK;115
711;Larsen-Serrano;https://www.charles-stewart.net/;expedite bleeding-edge mindshare;fGtsyv;231
712;Lawson-Brewer;https://www.simpson-hendrix.com/;revolutionize collaborative users;XIEPWm;260
713;Evans-Day;https://www.myers-hunt.com/;maximize mission-critical bandwidth;UFRLxm;19
714;Walters Group;http://www.gentry.com/;disintermediate frictionless paradigms;fiXyyj;27
715;Smith, Alexander and Waller;https://lutz-norris.biz/;productize intuitive web-readiness;nfDQZs;323
716;Doyle Ltd;http://www.jennings-jones.org/;aggregate revolutionary e-services;HNSdmI;554
717;Thompson Ltd;http://www.love-johnson.org/;productize cutting-edge niches;nWQcYK;990
718;Бурова Инк;http://www.gardner-pruitt.com/;Ускорение веб-ориентированных интернет-продавцоы;bphteB;418
719;ЗАО «Субботин-Федотов»;https://crawford-parks.com/;Ускорение инновационных знаний;UpgsaA;764
720;Mccarthy LLC;https://www.gallagher.com/;syndicate vertical supply-chains;aGBCbi;530
721;Rodriguez, Silva and Adkins;http://www.hernandez.com/;incentivize bricks-and-clicks technologies;RnPdMi;935
722;Howell, Bullock and Smith;http://www.hardy.com/;mesh revolutionary e-markets;MDMeYh;356
723;Horton, Carter and Peterson;https://ibarra-finley.com/;generate turn-key schemas;RThqSi;386
724;Davis PLC;http://wright-vaughn.org/;re-contextualize 24/7 web services;rhtKOl;385
725;Vargas-Baker;https://www.vasquez.org/;syndicate robust initiatives;PLRncv;580
726;Macias-Soto;http://www.bartlett.info/;cultivate dot-com action-items;RueAfX;295
727;Griffin, Gonzalez and Mendoza;http://henry.org/;deliver wireless interfaces;oyIbmZ;466
728;Elliott, Patel and Fields;https://www.white.net/;utilize enterprise eyeballs;waNWvm;210
729;Hawkins-Anderson;http://hill.org/;cultivate granular e-commerce;TiUzTQ;657
730;Ayala LLC;http://www.holmes.com/;morph value-added paradigms;TURDOY;291
731;Jones, Hartman and Merritt;https://www.jones.com/;re-contextualize interactive paradigms;RpcRUY;714
732;РАО «Красильников, Горбунов и Князева»;https://nguyen.com/;Обеспечение эффективных ниш;ibDOJp;766
733;Morrow, Barry and Yang;https://www.carter.com/;unleash sticky solutions;HWRqMl;160
734;Castro, English and Zimmerman;https://www.scott.info/;aggregate user-centric functionalities;RKYgTd;202
735;Landry, Garcia and Nash;http://www.thomas-horne.info/;target customized partnerships;PfagTO;128
736;Webster-Henry;http://www.robinson.com/;synergize impactful partnerships;XiKIvt;413
737;Garrison, Huerta and Swanson;https://green.net/;target turn-key relationships;aSUsTE;869
738;ОАО «Нестерова, Ширяева и Крюкова»;http://crosby.com/;Интеграция совместных диапазонов;iaTDgi;492
739;Chavez-Macdonald;http://mendoza.info/;repurpose B2B experiences;vVuUal;147
740;Smith, Rosario and Taylor;http://www.campbell.com/;synthesize strategic e-services;LancCN;64
741;King, Adams and Wright;https://www.gilbert.com/;disintermediate bricks-and-clicks methodologies;glIYey;498
742;Duke-Powers;http://alvarado.info/;incubate frictionless networks;vVbtIC;447
743;Olson, Bullock and Jones;https://shaffer-pearson.com/;incubate bleeding-edge initiatives;NdWVPV;792
744;Jackson Inc;http://williams-allen.com/;cultivate turn-key experiences;rlDAiC;805
745;Henson, Johnston and Jones;http://page.com/;synthesize magnetic e-tailers;Zhcqim;400
746;Hamilton Group;http://rodgers-stafford.com/;harness cross-platform convergence;KOBCke;860
747;Murillo, Ramirez and Gonzalez;https://www.montgomery-sanders.org/;redefine proactive experiences;OzqIJD;88
748;James, Green and Phillips;http://smith.com/;scale user-centric niches;hTzvrj;767
749;Payne, Shaw and French;http://www.maxwell.info/;strategize back-end action-items;ElgCbN;446
750;Wilson Inc;https://waters.com/;aggregate strategic solutions;lTQZUr;425
751;Mercado and Sons;http://www.russell.org/;syndicate robust deliverables;WRNGbu;367
752;Colon Ltd;http://manning.net/;redefine world-class communities;XkXzWJ;797
753;Boyd Inc;http://www.johnson-bautista.biz/;synergize end-to-end convergence;rvfXFF;245
754;Carpenter-Crawford;http://www.sanchez-smith.com/;synthesize integrated functionalities;KKHkvU;455
755;Maldonado Group;https://santiago.com/;evolve value-added networks;RoHXsq;907
756;Copeland Group;http://www.king-alvarez.com/;orchestrate dot-com users;vSbocE;452
757;Fletcher-Mills;http://wilson.com/;syndicate integrated applications;SgHyAF;205
758;Brown Group;http://www.haas.com/;matrix next-generation vortals;gZAjpq;647
759;Barnett-Kelly;http://guerrero.com/;unleash distributed ROI;rZMtiN;321
760;ЗАО «Осипова»;http://www.sweeney-romero.net/;Перезагрузка кроссплатформенных парадигм;eMpRzs;433
761;Crawford-Perkins;http://browning-warren.com/;empower e-business metrics;AMWyOe;197
762;Hamilton-Duffy;http://swanson.org/;utilize collaborative mindshare;tJKbmj;40
763;ЗАО «Николаева, Колесникова и Уварова»;https://gardner.biz/;Преображение интегрированных технологий;ByMRbT;428
764;Brown and Sons;http://williams.com/;monetize holistic mindshare;UXOJHU;543
765;Harper Group;https://www.salazar.net/;monetize web-enabled models;XcvFEj;451
766;Randall and Sons;http://richards-hill.com/;envisioneer vertical architectures;rwjZAy;481
767;Shelton-Walker;http://www.cox-lewis.biz/;exploit enterprise e-business;rZsVPn;834
768;Трансойл;http://malone-lopez.net/;Преображение веб-ориентированных веб-сервисов;cemiIk;638
769;Mccoy and Sons;https://jones-jacobs.com/;re-contextualize 24/7 vortals;zefCPV;209
770;Lee and Sons;https://harris-bullock.com/;strategize scalable portals;kFQjVB;430
771;Smith, Hancock and Sanchez;https://thompson.com/;engineer best-of-breed e-markets;mIdWpH;191
772;Исаков Групп;http://mejia.com/;Формирование серверных методик;TjjTKY;724
773;Trujillo Inc;http://martinez-ross.com/;embrace frictionless platforms;QUVidr;597
774;Hill, Gibson and Davis;http://www.moore-sweeney.net/;incentivize frictionless web-readiness;vmxgyi;796
775;ИП «Фролова Тимофеева»;http://www.turner.com/;Реализация действенных рынков;DhYTTC;45
776;Woodward PLC;https://www.ramos.com/;utilize clicks-and-mortar supply-chains;MdHkvv;556
777;Oconnor-Goodman;https://walker-nixon.com/;architect strategic e-services;BSsOjp;151
778;King, Butler and Romero;https://flowers.com/;target dot-com technologies;lpQbJl;167
779;Johnson PLC;http://house.com/;brand viral portals;pBPViP;993
780;Jarvis-Davis;http://clarke.net/;morph proactive markets;fnZXkW;403
781;Figueroa PLC;http://davis.com/;enhance out-of-the-box portals;YIbYKc;675
782;Bates, Gallegos and Robinson;http://www.santos.com/;synthesize collaborative channels;ASjJJE;786
783;Potter Inc;http://ortiz.com/;orchestrate proactive relationships;auXecT;411
784;Thompson-Lewis;https://www.cervantes.com/;orchestrate value-added info-mediaries;seiumb;230
785;ЗАО «Белова Баранова»;http://www.smith.org/;Шкалирование эффективных пользователей;oDthIB;888
786;Underwood-Crosby;http://www.martin-alvarez.com/;implement granular e-business;DwZTpd;218
787;Huber-Hartman;https://mcmahon.biz/;iterate cross-media relationships;LmKUDw;388
788;Fischer Inc;https://morales-bell.net/;synthesize front-end channels;DRaueF;173
789;ЗАО «Трофимова-Семенова»;http://parsons.org/;Итерация революционных инфопосредников;npSHcf;235
790;ООО «Родионова Щербакова»;http://clarke.com/;Визуализация активных моделей;cjLYzj;370
791;Anderson and Sons;http://moreno.biz/;strategize value-added models;lQyCeW;155
792;Либхерр-Русланд (Liebherr);https://wilson.com/;Максимизация инновационных технологий;wPUVjg;670
793;Mccoy LLC;http://rich-barnes.com/;expedite enterprise synergies;cFnjjB;36
794;Wiggins, Phillips and Foster;http://williams-wright.info/;deploy rich methodologies;lpzMcb;936
795;НПО «Дмитриева-Галкина»;https://rich-snyder.com/;Ускорение действенных результатов;yZCzrU;365
796;Моисеев Групп;http://www.peters-smith.info/;Переосмысление прозрачных интернет-продавцоы;EBinhe;969
797;Frazier-Yoder;https://www.nolan.net/;incubate viral systems;xtPCnO;22
798;Lopez, Hayes and Roberts;https://stone-nguyen.com/;leverage enterprise synergies;FsHXtt;129
799;Rodriguez, Davis and Mitchell;http://dixon-summers.com/;deliver value-added models;tABvMi;208
800;Smith-Rose;https://www.walker.com/;facilitate viral initiatives;dCdGSA;334
801;Mccoy-Murphy;http://www.jones.com/;mesh extensible metrics;rXHYqx;857
802;ИП «Карпов-Наумова»;http://hunt.com/;Сравнение масштабируемых партнерств;Wgkdmx;868
803;Smith-Smith;http://www.quinn.org/;maximize synergistic ROI;WLCZYV;755
804;Rogers-Carroll;https://www.silva.com/;grow strategic metrics;EsJKVC;136
805;Mack and Sons;http://www.campbell-meyer.net/;morph user-centric channels;pNGqQM;229
806;Banks-Ayala;http://allen.com/;iterate killer interfaces;eWCjXs;87
807;Perry, Curry and Estrada;https://www.hobbs-smith.biz/;re-intermediate visionary relationships;GPTNMC;389
808;Schroeder, Huber and Smith;https://www.thompson.com/;evolve one-to-one interfaces;cjsBpm;246
809;Полиметалл;https://jones.com/;Монетизация глобальных инфраструктур;ogseqf;66
810;Middleton, Ramirez and Graves;http://www.stephenson.com/;facilitate granular eyeballs;aQhINr;242
811;Mclaughlin-Jenkins;http://www.sanders.biz/;redefine plug-and-play deliverables;sFZDeg;727
812;Boone, Johnson and Collins;http://www.ramirez-fischer.com/;deliver dynamic niches;vObBsi;901
813;Rose, Jones and Fletcher;http://smith.org/;grow seamless relationships;CUObwo;774
814;ООО «Тимофеева»;http://www.williams-ponce.net/;Оцифровка корпоративных интернет-услуг;xyrHUb;272
815;Giles Group;http://campbell.net/;brand extensible markets;SnvKEl;125
816;Morris Group;http://www.mcpherson.com/;scale e-business web services;LCsKyP;933
817;Rodriguez Group;http://www.hicks.org/;architect real-time e-markets;vkdXKa;61
818;Scott, Lawson and Hall;http://oliver-harper.info/;harness dynamic technologies;xpGGkd;870
819;Mills-Ortiz;https://lewis.com/;monetize strategic info-mediaries;TGCYqE;121
820;МТС-банк;http://www.keller-cain.com/;Трансформация кроссплатформенных функций;HztHyA;873
821;Diaz Ltd;http://www.robbins.net/;aggregate end-to-end web-readiness;VBfJbD;315
822;Allen, Brown and Hebert;http://www.williams.com/;re-contextualize next-generation eyeballs;Oyevic;525
823;Jones, Johnson and Fernandez;https://www.vang.biz/;scale next-generation communities;GrYHug;539
824;Pineda PLC;https://www.young-mcdaniel.com/;benchmark dynamic initiatives;fVuDbA;3
825;Baldwin, Blackwell and Smith;http://www.weiss-clark.com/;synergize 24/7 schemas;aImRCm;772
826;Rodriguez-Chandler;https://www.hale.net/;leverage innovative markets;cbZCMT;300
827;Roberts LLC;http://dunn.com/;re-contextualize compelling mindshare;OYqHhG;658
828;Hernandez Ltd;https://www.fletcher.info/;aggregate visionary schemas;MXewaa;232
829;Lopez Group;https://fleming.com/;grow front-end e-services;bPogaN;14
830;Группа Содружество;https://www.franklin.com/;Сравнение распределённых партнерств;ugLdyJ;586
831;Montgomery-Reynolds;http://www.johnson.info/;strategize bricks-and-clicks portals;KBZRVa;799
832;Pugh, Rojas and Livingston;https://olson.net/;envisioneer strategic info-mediaries;DACmPm;807
833;Barnett, Kelly and Caldwell;https://norris.com/;whiteboard back-end schemas;kRLUkt;345
834;Thornton, Mercado and Palmer;http://brown.biz/;leverage global technologies;GtdQXR;127
835;Vasquez, Rivera and Brooks;https://edwards.com/;deliver frictionless experiences;DqgRlX;179
836;Nguyen and Sons;https://www.patton.com/;drive enterprise info-mediaries;PDIfOK;806
837;Howard Ltd;https://www.martinez-greene.com/;target virtual niches;dQFgrQ;602
838;Ward-Randall;http://www.alexander.info/;extend front-end communities;roRMss;816
839;Foster-Cameron;http://www.campbell.net/;architect integrated web services;GxVXYf;319
840;Bush and Sons;https://turner.com/;integrate integrated metrics;AqPrjf;708
841;НПО «Гурьева»;https://green.biz/;Монетизация заказных платформ;fLDLQH;302
842;Meza, Mccullough and Thomas;https://watts-lyons.net/;iterate viral initiatives;DGzYKO;343
843;Morales-Khan;http://www.jackson.com/;revolutionize ubiquitous platforms;pYKvaT;532
844;Mcpherson-Proctor;http://www.roberts-pope.com/;benchmark 24/365 systems;uRnkIr;429
845;Perry, Black and Humphrey;http://www.cox.org/;leverage back-end paradigms;iUUuBa;812
846;Reed, Peterson and Gomez;http://armstrong.net/;optimize proactive experiences;Vtbkqk;633
847;ООО «Громов, Новикова и Русакова»;https://smith-brown.com/;Синтез цельных инфраструктур;pjaWvK;521
848;Brown-Cooper;http://www.gibson.com/;deliver bleeding-edge supply-chains;eGNnxc;258
849;Day Group;https://www.french.com/;facilitate best-of-breed deliverables;yKWEYn;581
850;Edwards-Rodriguez;http://evans.com/;maximize proactive web services;iOaBdW;588
851;Bruce-Williams;https://lara.com/;grow viral mindshare;QPCEAa;406
852;Jenkins LLC;http://marquez.net/;iterate enterprise e-services;BGDGRJ;427
853;Harrington PLC;https://www.juarez.org/;benchmark cross-platform markets;GYMeDS;830
854;Mclean Ltd;http://www.ramirez-carter.info/;deliver front-end bandwidth;LgcWzw;426
855;Johnson, Brown and Downs;https://perez.info/;deliver proactive eyeballs;VpWzQB;569
856;Cain Group;http://kline.info/;leverage front-end synergies;HNJTjU;641
857;Torres-Mercer;https://www.lang-thompson.com/;drive innovative channels;AdICeu;282
858;Miller-Mitchell;https://adams.net/;harness real-time platforms;syqtWW;603
859;ОАО «Ковалев, Архипова и Сафонова»;http://www.jones-whitaker.com/;Визуализация активных диапазонов;zknsja;832
860;Hess-Patel;http://www.perry.com/;matrix impactful systems;zpZKlW;292
861;James, Howard and Barajas;http://www.morrison-huerta.net/;syndicate collaborative deliverables;tlRPHL;67
862;Murphy Group;http://graham.com/;strategize value-added action-items;KawRRz;524
863;Johnson-Richardson;https://www.burnett.com/;transform enterprise convergence;eRAyUQ;705
864;Hall LLC;http://www.vaughan.com/;grow sticky e-commerce;efAEFH;62
865;Alvarado, Carlson and Rose;https://www.white.org/;productize synergistic e-commerce;HSYDzl;677
866;АО «Васильев-Пестов»;http://www.gray-carney.net/;Перезагрузка богатых интернет-магазинов;VtFGnc;709
867;Romero LLC;http://parker.com/;deploy rich web services;ljlvvK;289
868;Chavez-Meyers;http://taylor-black.org/;redefine clicks-and-mortar info-mediaries;QlEoKs;149
869;Ренейссанс Констракшн (Ronesans Holding Anonim Sirketi);http://www.stephens-bailey.org/;Перезагрузка действенных пользователей;aHHVqq;440
870;Booker, Villegas and Joseph;https://www.mcdaniel.com/;target revolutionary supply-chains;KBrLjG;871
871;Young Group;https://johnson.biz/;deploy extensible channels;jrjxmf;666
872;ОАО «Маркова, Антонова и Соколов»;https://www.casey.com/;Производство современных ниш;ApmdHA;48
873;ИП «Галкин Зуева»;https://colon-hernandez.com/;Разворачивание сетевых результатов;zoqLNn;566
874;Wiley and Sons;https://banks-hendricks.info/;harness best-of-breed methodologies;UlVCNI;187
875;ЗАО «Колобова, Юдин и Русаков»;http://green.biz/;Координация фронт-энд технологий;navFJA;721
876;Morris, Kelly and Goodwin;https://www.morris.com/;matrix B2C platforms;OaTAFZ;689
877;Diaz Ltd;https://flores.com/;synergize ubiquitous mindshare;nbToJR;919
878;ОАО «Кириллов-Савин»;http://www.smith.net/;Оцифровка притягательных парадигм;KQKiVj;621
879;Franklin Group;https://www.adams.com/;extend innovative portals;QzBiAq;142
880;Mathews LLC;https://warren-green.com/;deploy efficient e-business;qqOjRl;4
881;Martin Group;http://clark.com/;transition user-centric initiatives;TozZky;93
882;Grimes-Wagner;http://www.willis-james.biz/;streamline wireless initiatives;tJkklX;156
883;Warren-Willis;http://young.com/;architect world-class ROI;jhpubF;785
884;Hall, Anderson and Small;http://www.lamb.com/;optimize mission-critical info-mediaries;WApZkh;914
885;Richardson-Peters;http://www.chen.info/;optimize bleeding-edge paradigms;EOFuXA;859
886;Baker-Greene;http://cohen.net/;facilitate synergistic methodologies;TvMEvQ;482
887;Watkins Inc;https://www.lewis-carson.com/;transform impactful channels;fEkvrk;307
888;Ashley Ltd;https://www.long.com/;leverage proactive web services;LAnEYt;594
889;Wong and Sons;https://young-hale.com/;matrix customized web services;YuAxmd;573
890;Miller Group;https://ramos-martin.com/;mesh robust mindshare;BVJXwd;453
891;Freeman-Savage;https://henry.biz/;repurpose revolutionary supply-chains;tqKCcc;188
892;Jordan-Allison;http://www.ruiz-jones.com/;evolve seamless interfaces;WNYbtf;821
893;Schmidt, Little and Frederick;http://evans.org/;revolutionize killer applications;rlRRtW;265
894;Howell-Gould;http://jacobs.info/;incentivize transparent models;JVQIGK;253
895;Spencer Ltd;https://www.carpenter-brown.com/;grow mission-critical interfaces;ADztFY;391
896;Norman, Ortega and Wolfe;http://www.hinton.com/;monetize bleeding-edge metrics;hqIVLs;517
897;Белоусова Групп;https://rivera.com/;Производство целостных моделей;cAjYSQ;559
898;ИП «Сорокина, Князева и Логинова»;https://www.hughes-johnson.org/;Перепрофилирование наглядных метрик;ZtSrjm;109
899;Reilly, Valencia and Hurley;https://www.douglas.com/;benchmark leading-edge e-services;sMuYqw;271
900;Diaz, Russell and Peterson;http://stanley-dominguez.com/;embrace frictionless platforms;zlMzMP;930
901;Meyer, Stone and Garcia;http://roberts.com/;transition dot-com vortals;yKKcNq;390
902;Holt-Smith;http://campbell.com/;strategize bleeding-edge users;oRwsnQ;992
903;Мострансавто;http://www.perry.biz/;Оцифровка корпоративных метрик;bRKiwC;587
904;Larson, Rogers and Olson;https://www.silva-miller.com/;orchestrate global e-tailers;CosVmq;35
905;Phillips, Potter and Davis;https://www.mccoy.com/;visualize impactful applications;FSMlak;358
906;Howe Ltd;https://www.ramirez.net/;target e-business solutions;tVPhsx;926
907;Vance-Schmidt;https://andersen-thomas.biz/;implement frictionless technologies;WyYgTu;79
908;Castro-Collins;https://www.garner.info/;architect efficient networks;eEDoUh;944
909;Ball Group;http://www.montoya.biz/;architect compelling deliverables;AECSXE;572
910;Гришин Лтд;https://stout.com/;Синтез инновационных систем снабжения;jfxUqC;153
911;Taylor Group;https://www.salazar.biz/;re-contextualize rich deliverables;QvCKrE;660
912;Kim Inc;https://conner.net/;aggregate extensible bandwidth;uwDOTg;921
913;Johnson Inc;http://www.hodges-gonzalez.com/;scale granular supply-chains;iHWTsq;199
914;Anderson-Howell;http://www.walters.net/;empower clicks-and-mortar content;JrmZyO;327
915;Terrell, Huerta and Gallegos;http://www.chavez.com/;iterate viral users;EnmXAK;337
916;РАО «Савина, Тетерин и Захарова»;http://brown.com/;Культивация безотказных инициатив;TQkxIY;613
917;Smith PLC;https://www.grimes.info/;disintermediate compelling niches;tfLQpq;887
918;Kelley-Morrison;https://wilson.net/;grow sticky portals;yMIQPu;53
919;Robinson Ltd;https://medina.com/;evolve impactful e-commerce;WKyiVG;817
920;Greene Ltd;https://www.boone.com/;orchestrate real-time niches;VJShNn;506
921;Little, Hendrix and Todd;http://www.henderson-johnson.com/;aggregate clicks-and-mortar convergence;RdBnpM;720
922;Wall-Martinez;http://black.com/;drive leading-edge infrastructures;NuLGXK;402
923;Juarez, Stewart and Garcia;https://sherman.org/;leverage cross-platform models;gpgzuw;332
924;НПО «Субботина, Моисеева и Титова»;https://www.browning.org/;Модернизация прозрачных метрик;AlIDpd;659
925;Shaw LLC;https://www.dawson.com/;enhance compelling relationships;rfZARQ;645
926;Santana Ltd;https://www.howard.com/;brand viral bandwidth;dNswVM;941
927;Williams, Morris and Schroeder;https://www.dickson.com/;grow proactive content;VwELTM;552
928;Young, Reyes and Green;https://cook.info/;mesh one-to-one markets;yZAwCr;219
929;Bell and Sons;http://www.taylor.com/;evolve ubiquitous synergies;TzkdCp;195
930;Ruiz, Chambers and Hogan;http://www.carroll-strickland.com/;envisioneer customized supply-chains;ggpwtr;484
931;Nelson-Thompson;https://davidson-stevens.com/;reinvent strategic eyeballs;RUGkAL;135
932;Hancock-Torres;http://kirk.com/;deliver strategic e-markets;QSXHNo;182
933;Henry Group;https://www.king-roberts.com/;deliver granular e-commerce;FPNQBO;405
934;Taylor-Garcia;https://www.walsh.com/;monetize robust functionalities;lxfWyH;674
935;Wilson-Daniels;http://johnson.com/;unleash scalable portals;VUmjMp;643
936;Peters, Andrade and Pierce;https://www.fitzpatrick-green.com/;drive robust infrastructures;XxsPqn;943
937;ОАО «Терентьева, Лаврентьева и Мамонтов»;http://smith.com/;Эксплуатация кроссплатформенных интернет-услуг;YgFSXz;351
938;Foster Ltd;https://schneider.com/;matrix real-time models;ZZNtBO;248
939;Rice, Wilson and Wright;https://ramos.net/;syndicate distributed niches;UwhBnt;54
940;Vargas, Luna and Anderson;https://johnson.com/;revolutionize synergistic metrics;NXOYTf;623
941;Robinson, Williams and Rojas;https://ballard.com/;utilize killer networks;MfTOkT;470
942;Ball, Mason and Gray;https://bennett.info/;facilitate collaborative systems;wgcgxU;819
943;Rodriguez-Shannon;http://www.gonzales-murphy.com/;benchmark sticky relationships;YEjmTh;55
944;Kelly-Manning;http://www.palmer.com/;extend customized e-markets;DQspyZ;363
945;Gibbs Group;https://stephens-nelson.com/;enhance collaborative methodologies;RAUwyz;858
946;Love-Bennett;https://gonzalez.biz/;architect magnetic e-commerce;WvQfRE;733
947;Sanchez, Tucker and Hughes;http://www.evans.net/;visualize front-end partnerships;sEdNoh;86
948;Young LLC;https://johnson.com/;re-contextualize best-of-breed info-mediaries;slsZFc;504
949;Russell-Wilson;https://perry.biz/;visualize scalable interfaces;EBQynZ;665
950;Oconnor LLC;https://www.ramos.info/;redefine web-enabled infrastructures;fNzSpT;955
951;Группа Эссен;http://jones.com/;Разработка действенных интерфейсов;AXDSfK;534
952;Edwards, Cooper and Fernandez;http://miller.net/;matrix B2B infrastructures;RnhzfN;274
953;Hernandez and Sons;http://simpson.info/;integrate world-class vortals;HhBvoP;903
954;Small, White and Drake;http://www.washington.com/;visualize virtual communities;KEDcxs;216
955;Acosta Ltd;http://wilson.net/;implement next-generation networks;pqkKdQ;243
956;Watkins, Cross and Morgan;http://calderon.com/;transform 24/365 niches;gWcNsd;706
957;Frazier LLC;http://zimmerman-kelly.com/;mesh wireless channels;HsHWNl;468
958;Интернешнл Пейпер (International Paper);https://www.garcia-anderson.org/;Ускорение цельных рынков;vbAffu;855
959;ОАО «Субботина»;http://www.martinez.com/;Максимизация динамичных действий;cRaJGj;290
960;Murray Inc;http://harris.com/;facilitate proactive e-services;MlnxEM;958
961;ЗАО «Гуляев»;https://www.berg.com/;Переосмысление B2C пользователей;KjJOwo;835
962;Carter, Walters and Ortiz;https://www.campbell-potter.com/;unleash scalable e-markets;feJMvA;527
963;ОАО «Никонов, Калашников и Сергеева»;http://williams-wells.biz/;Конструирование глобальных платформ;vrlFlp;16
964;Cook, West and Riley;http://www.lewis.net/;engage enterprise interfaces;SaWVej;420
965;Williams, Doyle and Robinson;http://glenn-conner.net/;re-contextualize enterprise niches;MiDcyf;945
966;Guzman, Bentley and Boyd;https://www.sawyer-price.com/;seize distributed paradigms;djBwjZ;988
967;Washington-Nielsen;https://www.giles-brooks.org/;reinvent strategic e-business;IJLJep;443
968;Harris Ltd;https://adams.biz/;engage efficient infrastructures;wQiyYa;471
969;Marquez LLC;https://www.ramirez.com/;deploy dot-com info-mediaries;IniBHu;118
970;Allen, Gordon and Wilson;https://www.andrade-parsons.com/;re-contextualize sticky communities;ehFlsB;77
971;Smith, Simmons and Gordon;http://www.burgess-coleman.com/;empower vertical models;ReWigD;133
972;Baker-Myers;https://www.gomez-bender.com/;facilitate turn-key ROI;OTglUl;937
973;Bautista-Young;http://martinez.net/;enhance integrated metrics;ZQGmIo;853
974;Martin Inc;https://www.hess.org/;implement leading-edge relationships;OljMsu;800
975;Romero Inc;http://www.lee-green.com/;scale clicks-and-mortar systems;CpompZ;177
976;Sanders, Dawson and Benson;https://www.flores.com/;innovate frictionless initiatives;FpiBEB;311
977;Cook Inc;https://rose.org/;grow revolutionary systems;DukvKm;765
978;Романов Лимитед;https://nguyen.com/;Оцифровка серверных схем;jXDgNS;364
979;Sanchez, Reeves and Jenkins;http://www.perkins-stanley.com/;unleash back-end e-commerce;XByPIk;589
980;Garcia-Young;https://www.hall.net/;orchestrate robust functionalities;ZLWWkJ;794
981;Diaz Ltd;http://www.nunez-vaughn.com/;visualize efficient web-readiness;oewPfN;293
982;Lawrence-Williams;http://patel-clark.com/;enable revolutionary synergies;FSVqlX;1
983;Gibbs, Tucker and Rivera;http://bright-newton.com/;evolve B2C mindshare;DePYGJ;650
984;Mendez-Hall;https://howell.com/;engineer clicks-and-mortar schemas;okufDG;276
985;Coleman LLC;http://valdez.biz/;syndicate one-to-one web services;JKVktJ;571
986;Perkins, Dodson and Curtis;https://brown-stevens.com/;harness compelling web services;BRWOkn;234
987;Bass, Simmons and Ortiz;https://luna.com/;synergize magnetic applications;OmKeuW;441
988;Soto, English and Durham;https://curry.com/;streamline virtual ROI;OPyKSD;865
989;Williams-Moore;http://www.perez.com/;morph transparent eyeballs;VoVIRb;483
990;Lang Inc;http://soto-white.com/;cultivate compelling bandwidth;gFSgYw;381
991;Mcconnell LLC;https://miller.org/;productize back-end users;paTqPX;793
992;Mueller-Johnston;http://taylor.com/;whiteboard one-to-one functionalities;erzLyv;65
993;Stephens Ltd;https://www.sanders-gutierrez.com/;expedite interactive platforms;LiUEbx;884
994;Hamilton Ltd;https://marshall.com/;transition bricks-and-clicks platforms;WZWdgw;607
995;Cortez-Hendricks;https://rhodes.com/;deliver user-centric applications;feIKfj;522
996;Daniels, Horn and Dixon;http://www.glenn.biz/;redefine efficient applications;uLzHoJ;514
997;Stafford and Sons;http://www.olson.biz/;scale revolutionary eyeballs;GJcMAS;114
998;Lee-Johnson;https://price-parsons.com/;enhance vertical markets;bnjksW;555
999;Jones-Scott;http://www.jones.org/;reinvent integrated schemas;MNTtDR;203
1000;Daniels Inc;http://clarke.com/;streamline viral applications;fPNJZS;10
