1;^2qTU+PnQm
2;EYnmUIa9^2
3;+)+1cBPz7Q
4;V7lJb6!5%5
5;^zkvMjkNF1
6;S+R2OnalR6
7;n&h$cPDq+6
8;Z(92VA2v2*
9;E2(4LpAP6e
10;R@4wIuu3!l
11;)KP^9MNcA1
12;^89ENZhnAg
13;jV8^C+^fG$
14;k5v1PuX)%s
15;Kl5+(Zm!++
16;(6eUtj1yS!
17;_m18AOfm^M
18;O_(CM5VjTS
19;&z0L8(vZ7E
20;$4A)eNpX93
21;_2Ex_cPxKc
22;q)65KLtJah
23;)&cg$Q7b00
24;TEr^@9Gm3P
25;M6JB%NIa^P
26;+pHCpF(dt9
27;8ZxciJ8z^a
28;s_^l4FoEbX
29;Obm5KVAmN$
30;vT1P4erVv#
31;)cCn6iZlhZ
32;sq9DEfTxh$
33;tP0OG_Fsy#
34;T+K4VpzO_#
35;p@3(2EDnT5
36;CD@f0Tqbz2
37;lW5m)Xxy+d
38;(FBtRYuuh5
39;0914VzMp*o
40;s3@wE#OV(A
41;2&Qm1OHfVQ
42;y1ENd!GlO%
43;80U)8TgG!&
44;FG0e_Gda+J
45;)U@npyMga9
46;feic%3Flic
47;*#KMZckE58
48;5O^y8MPk3+
49;+7#tSeK9j0
50;cy49wC*a%k
51;OZ#G6J2cpY
52;#nYU6GKhp$
53;Eu4d2Icyu$
54;+@&4zK2vJh
55;@ht0X+mU7r
56;l4N2zc%E&z
57;^iHk92GE@0
58;@4_ab*WSsn
59;67%vI+Xo$(
60;m3xBM^)d#b
61;!1g0U1VwS^
62;_qM%I7HG#1
63;E#$BC7DjWb
64;z8S6nEbJ%6
65;(FGP_dT350
66;_p4fjSvnHz
67;86&0Aym)k#
68;8eBDQ++l$(
69;&)4dKmtg!$
70;4yUvHbiD%1
71;^7Zt4^JLaa
72;n#h8sEfb5L
73;9NJv8UyJ)_
74;xN29qZPrv+
75;+6hxjQr%Hs
76;&OH6N0so0+
77;5CS+DKLk%y
78;Q32MaH2wh!
79;f+f8X+Aist
80;+195Sr2nk8
81;l)(8CCmSfd
82;)#%$5UKmne
83;kW54AG9q#%
84;h^o8OeiF#+
85;Zzk+ZEjl_9
86;8G0Aui4t#u
87;$L&9N3YyxB
88;$_i4rCtq%A
89;^4NeNpO*yW
90;dg^5MI(eEM
91;Nl5w%NGoH*
92;O%_84L!k!!
93;)^uW8UrDVZ
94;gm9gPGn8&C
95;Dz2D1ceMq*
96;0g^I_8ZeS(
97;_BLP2UHyOZ
98;!^0Ef(Q*9f
99;gwl#1YRfGi
100;0#263zVa*!
101;*yOc^Ddv7%
102;zLpvw2Xs%4
103;x05O%Wy6^l
104;)73b1IkEN7
105;KnB1WWAn%N
106;6w!2Hv1iwA
107;7E!w4Oi)F@
108;G3y6JMebx^
109;(7aFNkrg*0
110;KL(i+G2a(7
111;ekNd(6Gq4*
112;V8&6A^Ukz(
113;J*4E_tMHYd
114;(w+g@5KyC7
115;d4A9PqX_&m
116;)R7ErggLN6
117;@2elC#qcLt
118;wn7SKeCP)+
119;l9IrDxsp!w
120;^23IZaWJE7
121;A1RUBthH^c
122;9(4LtfotK$
123;s6L+B4Nj$x
124;cy6aCZx0&Z
125;+u(sYKshC1
126;$#EEluwh2Q
127;AFQ(8OAhrw
128;u9dIWGq@$+
129;%9Q^N2sKpq
130;K#9@kmSg!f
131;^8i6TNXay7
132;%!^7OR9xUv
133;!1P5s_E_pM
134;o&5vH^th#T
135;5$2Rr1gIXt
136;wmBoUNDl^4
137;U2*5zRiqb)
138;u^0Rw@$eCo
139;MW6B_Hrl&J
140;w#6O+iOS*g
141;H5g$TbT!(n
142;#HXNcd0x&5
143;x))2KOCmqJ
144;aa@jn3Nni)
145;!3DpKpoj_c
146;)0dhUOmk_8
147;&NUnW#px0w
148;Krl(4E^mcm
149;!d1o4CyU&v
150;*7U@R9mpW_
151;#CB&bQpkp6
152;^8MOQEFlK8
153;r1EA6xDz^2
154;@tn3Mtwoc^
155;C6TTLvwd*G
156;^4eY0X4f+3
157;%8Usqjhzi8
158;v12FIMevk#
159;$$a+D0%rR7
160;#2XG14nzv8
161;0%p85Pcvv!
162;5($YKyO+(l
163;@5cQKj+NTn
164;#46T*eEtCl
165;Dl3AVOMl7$
166;O)7BBboGLn
167;5YKXkx53*z
168;&4Y^VPfaDc
169;)m8O2sRA2R
170;LrE#0Zqp6L
171;&z!t1IKk)f
172;wL0hVCqO@!
173;%5UJ1WOs#m
174;u7yBBrBa+i
175;46ePKZse^1
176;DPt%m5)n!%
177;Q7LP*0OsJH
178;Bnjh76Yw(d
179;^Z7h5WbwGj
180;k^T6oS$k&M
181;l@U3Zq&rx+
182;qJLaf7Kkc+
183;(4Xxjiyir&
184;%Q4(Qn6PV&
185;vc7Z*kYL&5
186;1kMih#kI*#
187;Aa476Nz3+*
188;&Ujlbgt^7I
189;_M%KgMOch7
190;+1@R7Bm63m
191;%x3bUVwo9h
192;(3IDNDJiDe
193;9FfL7pg7+2
194;#I_4O1DaWS
195;sgyHSaqE#2
196;J$T5HyCIlo
197;9OHjO4q+^9
198;zQx99Fw^+)
199;p@13ANrsu3
200;^N&6UshX+$
201;+NCF)$Vw7E
202;)v1S7zzZ!G
203;c1QvBK4(&$
204;++Wj5JfU14
205;@7k9QKzmpT
206;T@K5R2j2E@
207;21%JOkEg^$
208;cq(0xKHj%L
209;+6FITkdq%f
210;JdfZr*q7(6
211;)!XA%4Sayf
212;SeHI#K%P(4
213;0UPW@1Zb+Q
214;_JP$&JnPa9
215;$vGMIARx7c
216;V$Sh3Z*nuT
217;V5mKjP72#P
218;)sa*1UKrY1
219;(ybWV1JP6f
220;Azd2PzzZ^#
221;lLs2CrmNK+
222;kDr75Ewm%I
223;U4UfGPZ%_2
224;^Q2SZRrIKu
225;3dFEmbj#%q
226;mb^4ztAp_X
227;6lN0A70r_3
228;(0ePj67i_^
229;xAB#OBBS%9
230;2#1MBvuX!x
231;3B6U@xl&@@
232;kvV5QYizb%
233;&8H3YjqYHZ
234;WX4OeXld+d
235;F2A_Qk^@$)
236;42Uy(dXz@l
237;$Z1X8np7*+
238;*tnPNfrw5P
239;^7ULup@K*7
240;StP&SVg#_8
241;%4Dmbijt7u
242;P$54hLgh^j
243;_w5O+q!2Kr
244;4^Ew4AJbwF
245;fX8CisnUD@
246;Z5Lv$0%O_(
247;It4tcSIb#Q
248;IuY#p870)4
249;Y(KE0C&!Vi
250;(@J)1zjvI9
251;SOYoEguF_5
252;*bdKKXhZ(7
253;+bx#6PWy9v
254;eb0Vhm5El+
255;daZ4(2Kgdn
256;++J!zV2(#7
257;G@L9KxzjpO
258;$pBUHl2yB2
259;6K1jw3Bz^t
260;(#25WMKm2j
261;F(ZDq1P5Jk
262;_2edDlycqa
263;(_CjoXkmK2
264;qd2W8jZn&n
265;YcO(n8ZyX(
266;_8SMFdP+37
267;)iz5xVpL7%
268;xj$10VAnsV
269;28AQIDko#i
270;u4OSDUj7$g
271;1qTr5Vrv&2
272;A67KzV_*$C
273;xpY0C#ez@8
274;+4hU0YrF^i
275;Mv+1MUOgh)
276;cVm&CmTK!2
277;i4zmEJiI_(
278;r+6NU^%_xx
279;S6Ul2nli!w
280;9K$SVm%b$t
281;&7UzDBl8WD
282;DZ$@7sOl$o
283;H+C0S3Fmo^
284;@5wcBkDX$d
285;^AlwNs6j5Q
286;*aGpbip$x1
287;N3Bd2)6X#V
288;#hMRr#%hW2
289;u2rV2dVG^s
290;*b1R_2iTJL
291;KvkG0ID%$3
292;Ih6PGoxT^b
293;_@13t3Id@6
294;g)a2AGja_d
295;(5S3QnXSmb
296;(4DeVl7w9%
297;y3QyCcV(@L
298;_W35AoaN6o
299;3!L9x2(f#O
300;z#Q4O%GeZ+
301;&3LVA^Abk6
302;R+kk5VRK_i
303;lL3gn&QoW$
304;_ls1AnNw0S
305;_F4XB6kV^7
306;_T_3Xnl7&T
307;+v4IzjW0^)
308;+Y2I9IqpDc
309;^bWZueyQ!6
310;XweF*4Fm_%
311;0dU_y4Yo#a
312;#vEmP&DeA9
313;@bNFGn@&%1
314;*3JUu4K^e3
315;(xQTUHEn4o
316;5FOZ72gl+r
317;Rm7WdKYt_Z
318;Sl8mTVunC#
319;@FVNXzNo)6
320;n%4MlPx!YE
321;C+*xg0EgZq
322;m^!BE6YudQ
323;eU159QSk)9
324;$mH@GY4dg7
325;na4NTolK%V
326;_m37*D0h!3
327;58O!0@Br$p
328;cAe9Kyoz#w
329;&S4SHZ(bb9
330;o4#XFZgD(G
331;(h*R%9Hc25
332;(9@8Gp0v*8
333;yZ^)y34z+*
334;P8@roaUz*(
335;^8Dx4B05D_
336;+E1R%wbSe&
337;)8MiG(xyn3
338;TUwB@h#t@3
339;7sYL8FqA!C
340;2#!K8BgACC
341;7gF9Df6*&#
342;s_5KF(vx^)
343;3k3JdWtC0$
344;P&98#Rn8nt
345;S398Ympx#O
346;h_^6WVNl!V
347;a)hI08Aydv
348;T1t+Pave%T
349;P6SV!md+)F
350;13A4Q^3eI&
351;z%e8XaqK&+
352;#B8PNvxyi9
353;2nDQJYFh*5
354;r*W1r3Nxui
355;Y$F2DG^yNv
356;G0QG@4dq*F
357;@5ASR*_by0
358;R3QENgeL_c
359;_eX6GfEv^R
360;3&sGMfa+&q
361;V#8Y!09pCm
362;^9YMy)KsEx
363;%3#*TAajYt
364;rJ20AelUt#
365;daP97iWh#M
366;%7I!VysEk^
367;!1TGLMa)YO
368;)G3*f)EpIo
369;)5iNbbPloZ
370;iLMlUIml&4
371;_2+Mn*nRo1
372;!*9c5Ctux^
373;1mB6NDqnh+
374;)s(Fqmyg70
375;$P9B_B_dO6
376;+4A75pf)#5
377;@^45CuPlsl
378;F2EGfTmX%i
379;8_8@TD+tbu
380;*3dXJHkjyu
381;%KNFDksn28
382;T7HE*dYN&2
383;(8xbB_SqNZ
384;Dc5FVL9da^
385;&Hq5MhOlJq
386;jgTfssrr_5
387;^*61ODXzY$
388;(8E1&ZSodZ
389;5y5T7Ywq+p
390;l@yo0YzxIY
391;6jM4ywTK^&
392;$c5Ds+9Kkd
393;((!8Yiuq&6
394;+sG5OLy32q
395;rXE$fyKl$6
396;!qI_PGI0l8
397;z3GHWOju)o
398;)PGs0Xido+
399;_aa2phFthi
400;K&28TTmUlh
401;@lR)kmB8^5
402;6^Y7KaCWhh
403;@0MBSGUtK2
404;3gVsRquu+U
405;gxSBO#Tg_1
406;%Id^8SSwz$
407;@2$7Qesg$H
408;J%58ZKrpbK
409;1NGCt8Iz2#
410;^42WHcHhlA
411;SByNcnLd#7
412;o*7KIlpW@E
413;9eO(P%kK)D
414;Q%9s!7TvJi
415;Hu7Z7LQo&u
416;^9R75nKaEc
417;+oS8xtPw8W
418;y7_2RhQvyR
419;RgA1RoCF%t
420;t_^7SPSeP@
421;+83nMRjiv4
422;*WgN70HoY9
423;!3TFe#(W10
424;LY9&5^Ga57
425;_u0YsGufg&
426;q&4C$Td(+%
427;p&WoUCgn)2
428;v8MZVot3+D
429;1&hs2Fae@8
430;si5ZO^bP)2
431;*TSd&IiZa5
432;k*8yKtLnU5
433;+6GKo)MX4g
434;!9G5+!ly_S
435;^4vIn8rh#f
436;7eJU4OvD_e
437;h7MrK&K8(u
438;Mh!221SsTr
439;@QI)1Gkue1
440;*A8LBacNSM
441;Kgc2^Ey(N*
442;+0TyohfG@Z
443;2%UWoh42$k
444;!7&BCu%AsG
445;I2#G31KnLS
446;zJ8LMzbR$h
447;Rfe1LrYt&m
448;O+1)TiRdu$
449;_iw5Uet()R
450;*^72C1*s&!
451;M&51JW&c&h
452;&pHhqE)wK4
453;w)9B!JuxIX
454;F!6EFabfQM
455;J9^bByTq)d
456;m^zb3Kcwss
457;370CQqeW$H
458;e^32)50rUH
459;Vl!9F^u)fj
460;p7ti@IOf+2
461;*i7QXN8sMI
462;%GP8KXrZrT
463;$J@81W(c_0
464;%o9IiNVgoU
465;)4GUeaPnkz
466;p4rk!MQ2*$
467;+9EhVBi+ih
468;$8cj1QdABw
469;48$(5aQd$Y
470;(QhZrC%n1I
471;*4jWJlLPHe
472;7r$7KCSr)b
473;obC1giYx^5
474;%6NK5OLo)1
475;ZtA_)6Rejv
476;_3T8Hp+tPJ
477;P@#3bAye9e
478;%77KUyx!wK
479;0^1MdVLr!3
480;la8cUDW++*
481;ui1EnS_3a^
482;_uXsoiG3#7
483;Q1Kukcbg+E
484;Fw+1G%FgCA
485;8rm_VXpz^q
486;lsYR7nt4#9
487;S)3nypDmzw
488;C#ag0Cis)j
489;5OUf6FQ8(Z
490;%9GbdzA)(1
491;W4o$^GKz@6
492;$$bd$F(k21
493;+X4pL2YmBl
494;*0MiuZ_sMB
495;+!08FcJE9R
496;F6VebTel$A
497;*ypJswRvJ4
498;(#1&ML9HRz
499;^^6Koa#zGk
500;(_2Z1QWyZz
501;+2RLcciQ5c
502;+fz8OvWi*H
503;u)E4iBrR_5
504;NQ5WL5^s(#
505;1t7*WJeNh!
506;upg_Ol!r^3
507;E0ZErpZt*s
508;)X4CVq(iby
509;akW7EWWoI$
510;@9^ZSSpW_7
511;21G%pAIl#D
512;5xmXsLFq*I
513;e+Qg7wXwEv
514;p)3ASAFdPe
515;X8)EK#aw^9
516;diSe%c&b!0
517;f5H&HxqW#r
518;0q34cIoXt)
519;et)0Ttw2ZY
520;8%lmg4MbFa
521;%$EW_Vo9i5
522;$u@uC!lX3V
523;%ZVCCPwQ9%
524;uU*8EnVj48
525;Y2OPRRiH@c
526;URt2zYYnE*
527;7HEe+ZUZ!o
528;2PiJ^Ht5%1
529;ciGBYeba_9
530;8U85Hzcm(^
531;)uaKWEgsb0
532;!A_E^7VbKx
533;A(7H9MMgoY
534;Oo5e^Hn_a$
535;9xfF%Nkd*5
536;J8+@2*Dr2T
537;a2^jeX)e_*
538;Ic&Klzby^8
539;n_#1GsC&&%
540;33I+sLLv(p
541;gvgn9D%r)^
542;b3m)i4Nf%2
543;g$u0YAual^
544;*r%1Dnw92A
545;*MgUseL%4B
546;b)yD11OdN$
547;)OTPQ)bsJ5
548;_a#H%6Ca%6
549;%M9P63pARF
550;$03mIYlvtL
551;^zk+C9Sv19
552;t5A$Nrix+e
553;7zwHjswy(&
554;u5tHVQf1$%
555;Xv*9N*sy(_
556;++N_99GvrZ
557;*d2soL@p@3
558;)P2mDqKyyN
559;)4^iwNc$Sy
560;4y4!qSyV(1
561;&m7GCBpRaF
562;p@S0KQme^@
563;K36V4C5hM)
564;jJ2U5N4kd)
565;%7yr2pLk&&
566;(ZDQs#cnb9
567;YC8BVX!xF+
568;ld91DP8uW#
569;lZ1Da2PhZ)
570;e5z4RLUtq)
571;$L5&6QmfH!
572;_9NUya4aaS
573;#^5MKabmpk
574;6NA#c^#Z*@
575;41#X0wmE#L
576;$K7Pk2gdir
577;XZ27mXRn@%
578;I!8kZDkp@V
579;$Y2tUq2^j#
580;4#1b6PtYQ9
581;nY92c$Gi_1
582;!M1MQe9Rap
583;)Uv9AX&xQS
584;*woQ8Afnz6
585;(n)A1Wv^&(
586;w58M^q!W(x
587;K!8F*ap%)9
588;^(!Mga4V!2
589;zC5sCMvv#C
590;nt^xo0Xztd
591;n#*si5Dz_C
592;!f(Uddqp*5
593;@zCOyem#29
594;_)7V!FT&ve
595;(wPdmlmF6J
596;6QSI3FdY)a
597;$O4rCGjfLA
598;#K1yWPToR2
599;%e_BwDpxq1
600;+vxxPLQXf8
601;H2cdZHvn+I
602;+#GU$QNk2t
603;VRrv%2Wkhr
604;1ry$67_T(U
605;L_b8TwsXAE
606;%TKSLsV^m1
607;#zWE*Y)R86
608;n6BmdB%e)%
609;%1(gPqTe#q
610;*Zs9FlCet9
611;Ub1c+OWpA^
612;O1DY9yCO#1
613;B2e&Aexi##
614;3(7RTqrn+l
615;@0e(jCejhj
616;6s(ZnPka(8
617;&9d5TgBlCG
618;M!4Q6B1vyw
619;i7&jJ#an(&
620;z3EHVWoP$w
621;Y&4L$oc&o1
622;4(l8LYd#a^
623;o_h^0pnsgB
624;!!2TTY*j))
625;0CE2Y6Cgs#
626;6YUJddDV@h
627;DE&fB1To3d
628;(82Q++ehPv
629;&aDDYZga#7
630;(021BK$b_M
631;_5qQukW^_3
632;#1M_zPAn($
633;Z76WM)Uca^
634;@5VIoeu+Op
635;&8lZbT0nXx
636;(80XS6mPk%
637;(gLR^i+w0P
638;$m37KCvDfO
639;%Y9F!mpJgv
640;$IWxOVtp*0
641;(JsODEUNx9
642;z%+z2Aex*L
643;%0T7Y2db3e
644;$NcB7VpDe1
645;)4OfOtqE)v
646;s^3I5tOxkp
647;a1AH*zMd^f
648;0!lMQKnk^H
649;4tLhyftq&9
650;l5s$4Ch&fy
651;jo9tXgkXE%
652;yxtlPcmr*5
653;3K2AoUS^!3
654;@7l@GQ&v%O
655;NH6YMZFpO$
656;@YkC8jvQG3
657;)lc0W3q7x5
658;B5V9ZLur_d
659;iv#57aRn+$
660;%KEGLojg98
661;(&s0yT@zg%
662;u3DjjA#a$s
663;L2idS*p1%e
664;()#4K6voa4
665;+GrXt02&^4
666;g+cC751n1J
667;d2YXBNgo#L
668;q4tQBUli*9
669;^90WM*cfX6
670;+ZG)Bel$w5
671;3yLhZRNH)n
672;WfC1B0(i5_
673;%MCZMhu_W8
674;K7ImGQll$E
675;C(7TUpmgbm
676;2x&LyhEy@T
677;d3b1W6Gi)X
678;%zBs3xjXN7
679;o58e^OOw!X
680;8cKZBM^w!5
681;z#d9L5aa0E
682;@s)7WWsji*
683;d5VWhVwk+V
684;4uWPB8ox)6
685;(2xGf^&H@N
686;E@4V4!mrY(
687;(4rb3KXvKh
688;gv1)jgRy_4
689;f6KNkL8b!a
690;y#C2Gkn2eq
691;j#G3*5Sxcm
692;4szpUTAm&0
693;XX#6uZc*j$
694;o1*7KUa&@Q
695;)TLTx9MwD4
696;Hn&(G4Rfg7
697;^@F4JOhl(2
698;!PKH$!eL0y
699;T!1X#HRN%p
700;4ADR0+Yq%r
701;Z6C*1OwlX4
702;&D6qqHe+bv
703;rx1S0LAu)3
704;WL&a0ONes#
705;MV_UBNfP%0
706;d57XoAef_R
707;0(9r41Ou+d
708;Q5c4QEgq%!
709;5nH^w_xw##
710;^^5bGGqPq4
711;ZaGAF5EoT$
712;l2Y1ONhk)o
713;Wc6US!kaM%
714;pQI9FBPg&7
715;%2*sb^Wl$_
716;$9AFgfOoXf
717;T4exAPiY%T
718;+57UypRjtH
719;_5C+9tU#jU
720;zE^8IIKwRp
721;w_KT+Z2o!0
722;#kI6xFvfP0
723;+#M8KSSRal
724;+2KKnbcwhR
725;%AHKcDLBx6
726;(2u4cP_UuC
727;(6GqC8lDvt
728;YK)2WxChZk
729;CftCNpmb$4
730;)+5Y)PiZBd
731;+CTF5F^o5M
732;$E6G5Uu$el
733;4YXKUso_^R
734;RsL9UvvW^&
735;#xSZ1mpoZ2
736;pP16++Wf^7
737;P8ONbVzi)E
738;I)#E5WO#oo
739;3)UrPlu%!m
740;^qT*CbAcb4
741;KmA12aQp_0
742;oL9JT+a$_!
743;0+v1Ck#+!!
744;kj&X8HWBL_
745;de8qBedpI*
746;N9Gc0iIuq!
747;98$WBo9+(F
748;^PPsBaz1K7
749;@7FW$xaij3
750;3UA!uUXo&P
751;xo9T4Mt(F*
752;_I2X7DdeIi
753;^V2DWidi1+
754;NH##P7Awkv
755;tj6DYBv!+8
756;%9KlKCR!(_
757;agNllO73%5
758;XlU0YSb8H_
759;Kb1jJXs)^I
760;f_z5P3wsKX
761;e_75vQ5zaS
762;67fSbYmu@u
763;hlDIctfG*0
764;$EKBYt4052
765;4DxS@VFi&e
766;E)PKrtrK_0
767;st)XCKzk&2
768;A^4MUMtqJE
769;&e6NjQ4r3l
770;TGm)5aYpkW
771;+14Z9GoZhx
772;yZ)5UYqq1+
773;@2Zwkqu*e2
774;yC3#9GuPP5
775;$&79sK2bjS
776;K9Pya+(n_^
777;+3QIub!wTb
778;47(YH7qg#8
779;rnS5eNMCM)
780;(R!7NmZeZv
781;!x&Ut&fNe3
782;(StMxKy5^3
783;7@S72CmegD
784;!e1SoHAix%
785;^Bk%c2Yv)(
786;*9fuXcFt5@
787;!65tQEdD6r
788;@4fG6IAWoQ
789;@Po#T4Nf6)
790;!O4_KdQv5)
791;&8DGPz@h!o
792;!@8W9%gEBG
793;A*q6mIVxkW
794;4^7Kqcsp^a
795;(^(3%TrwBu
796;O89pNif#$q
797;u@h@^9Rzfd
798;F4glEd^Y%x
799;_83#aVhkAU
800;tJ3eZD0fL_
801;@IwfD0Ct$7
802;Q$twv0EjiU
803;$wBc3zzBm5
804;(p7TwoDi(^
805;4)9H0Ye)X4
806;3EHIqodO*7
807;#O9#YXhY#n
808;^1)MzWF&fl
809;)OIRzHh%5#
810;HN_5H^Mg+Z
811;H$o3Lctx@B
812;+6Zml!AlSY
813;bb17)WObF+
814;*4f!1qKmFe
815;^+*26NmzEp
816;g7H4HKLn!I
817;R+b0%7GzTQ
818;@5oLxbLmP&
819;&HH0kxcge1
820;_4Mp%iKhm%
821;%5HNvw!pNm
822;)7P+!y5)1z
823;+qTcUeL&O0
824;H^33Rnt9l8
825;m#9Z%ySmd6
826;^0WVXvPrJo
827;!GqVhVo410
828;l89HDl7z^J
829;!(0PUjiwdM
830;69UjQdKh@v
831;(P6R5Hgz!k
832;8)Y(7M3b#w
833;iKj7U+PW#5
834;2*O5TsNtWa
835;O!4Z9py8&j
836;!5K7+qaj%T
837;UY5J3$vW1*
838;*dWZ)7Itq2
839;*$9QTJznGb
840;(#vhQeHr*7
841;(2q7oOVs!#
842;3nlKVQ9g_(
843;)&*O3Kx0rX
844;(oJBWG1Az8
845;%Bq9XzUuC)
846;!o4aSH7db2
847;cY(Yp6xE*2
848;t$5hVJZl_6
849;uB%7lSdU)o
850;@6pFkrGjkj
851;llAEUWyy)9
852;%9Ss2mhpTo
853;(LNHQW%cl9
854;@c1NuhoI#5
855;_#6jAc5QM$
856;*I(P3+Ueny
857;*9BtFwRk4k
858;!0%7CsU8V1
859;93xBUAaq!6
860;*1Sq9S_nWP
861;4O$07RHwvm
862;!DZ*m+c812
863;6FCXKg3@_d
864;$uc8ZJ5l^5
865;jW9^#+Ga2@
866;%)G@r2s)$8
867;4&&C$0Jndo
868;+%z7OEslqa
869;+24LxRhl4m
870;)8J7T@fpN3
871;0L(A9lmv_8
872;#2@I1Zakxe
873;*SHumTqa*9
874;@gUiXH!qg9
875;cj7@S9CcCa
876;@1IdMqXgsf
877;@xiakKzX5W
878;35OZ%hLp(a
879;#0Aj7jxk*x
880;1uH3VU_x7_
881;$4BOR9SbK*
882;I3NchSu8%O
883;3xZNW#4U%3
884;D_U4CE$u5C
885;!o+8Oe4g9I
886;S1dZ8vjj#4
887;ezDTRy!k@9
888;IT8#hZCq(c
889;#5rV$rlpPS
890;!x4aesk36X
891;l7^a1Hcslv
892;+7M8q@PQZ7
893;S2!9AvqktQ
894;^7gqzBn6_A
895;$as%2EqUzZ
896;*235DKB#Xx
897;h28PVdaY!1
898;ozI7pFbd(7
899;*4mCZ8@dlg
900;d+w1JGrN(o
901;0&9F2PPewP
902;e^%1XeJ65a
903;_kKQSdh1N0
904;E+*RXQih(2
905;u3uWd%XZ$w
906;T5GIEwkm^)
907;pdG2hsWr$8
908;&!0CvWdrCB
909;KR3P&wpS%6
910;+e7bPDdi+7
911;6DtMYqZb%Y
912;%l7GhZ@$23
913;J!6lXNqPJo
914;!0N$TC)cWM
915;1y4IWZ!iz&
916;$%0&0%Ql11
917;U+39#C_np3
918;&)XIb^7yw5
919;6I6Nl^7pZ_
920;FbhhPWpF*6
921;+LF^BGwgK6
922;!Jk2TD7r*2
923;#aQt3L@z)K
924;UN%5ZGglg7
925;^mo)WLOT4&
926;N$0YxbpnO3
927;f(nM2Mt#xf
928;gLV9@1Jx%W
929;!3D1zAUv87
930;TfQ6IQU^@%
931;z6^u8g4l$B
932;!d4IoPyjh7
933;+8J#09bshn
934;*dcT#NAWr4
935;868#ZmgO*x
936;wbJ+8UFeS3
937;^HK2My3OH1
938;)!%c3BNk4f
939;ABVS^8Rtdz
940;+I0bJlij7F
941;+d4k0WUwp6
942;)@gV7qRo!t
943;6Im0ZDZq$X
944;*vDt$7qbf8
945;(oLixx#LR1
946;nc)A9ZQthv
947;N8Q_0KnNGW
948;m!K06KYzRh
949;u7PRpZ1o+Z
950;3%2RJ^te&J
951;_2nbVkJStb
952;q!p63^SnqI
953;*J1Gls(tPJ
954;A&o)9KeE!U
955;Y@T9+6KsT^
956;J2JLxoe%!f
957;#c5SEzxHj(
958;**OCAtwvo1
959;*4RhfKa!*3
960;3O9e%WPc*w
961;jq9ggWVy+*
962;_sx7!JNmA7
963;*!4dRcHoF2
964;iVQCTV&S!7
965;#2Yg(kSEFZ
966;1$0(N1za^W
967;_oV(8N%7Q)
968;_!Q4@S!caM
969;&!1nqqVntZ
970;@2OEf8rH@+
971;z(T37Lt^c*
972;F3VUHS*m)6
973;q%M0JA9y#C
974;$2grnIeq#v
975;L(8RjqFs(f
976;O(J7)NcS&5
977;4*oWTdz5#4
978;$XOdDq81F8
979;pi36+8Xk#(
980;^9wTJAtehl
981;7^3TvCy!5b
982;FzY8^PCg(*
983;Dq%7CMH8p(
984;u*OM9WY7yd
985;v&KT0CnX!+
986;K0ta#GgW#P
987;_NktPWIqW8
988;*T5Q33xh#E
989;_)YBu0no36
990;xlW+H8LzF%
991;)2gRL@eid1
992;r2^ubNiy*g
993;MrqNc8ME_3
994;CD)DEBcx_4
995;S8iRswD8%%
996;#5PKfygOyI
997;0BVduWm)*L
998;gu6kQMbg(k
999;%1Yk3v5t^W
1000;E3o^red3!c
